date,volume
2013-01-01,206393.93307305992
2013-01-02,323579.69935296994
2013-01-03,225268.83468119992
2013-01-04,271212.89353674976
2013-01-05,198361.22194513
2013-01-06,164215.04638678997
2013-01-07,199002.00821415012
2013-01-08,301750.82567256986
2013-01-09,262021.83999754986
2013-01-10,276429.69539644
2013-01-11,254484.95094714005
2013-01-12,180246.93825500988
2013-01-13,211745.74594962999
2013-01-14,207896.2994882901
2013-01-15,278447.49226139014
2013-01-16,301537.27790757996
2013-01-17,306463.8895983401
2013-01-18,284679.68900589005
2013-01-19,175186.12363391987
2013-01-20,176000.09710175998
2013-01-21,263140.66397531005
2013-01-22,374197.46333777986
2013-01-23,504669.4002904301
2013-01-24,459335.39141314005
2013-01-25,355768.12488828995
2013-01-26,284774.32589246996
2013-01-27,336136.97836909996
2013-01-28,398226.5366206801
2013-01-29,616857.3921907002
2013-01-30,451511.2020834498
2013-01-31,437438.79466161993
2013-02-01,451279.4285522199
2013-02-02,326867.0948485699
2013-02-03,243523.18624835997
2013-02-04,280984.8866175
2013-02-05,354985.5898575501
2013-02-06,315188.63687553006
2013-02-07,294821.82444691006
2013-02-08,268519.0941903201
2013-02-09,243778.6098193301
2013-02-10,177733.99862489998
2013-02-11,241195.70839391014
2013-02-12,318956.36471081007
2013-02-13,315173.66305115
2013-02-14,336836.50615287
2013-02-15,310670.2005571902
2013-02-16,213199.40100828995
2013-02-17,271606.6728126501
2013-02-18,266148.57376217004
2013-02-19,291463.01501186
2013-02-20,331248.1166125899
2013-02-21,276296.78031699994
2013-02-22,326524.7664418299
2013-02-23,284965.7341076
2013-02-24,320518.56898777996
2013-02-25,390218.2101276702
2013-02-26,300169.48991379014
2013-02-27,275962.1514965301
2013-02-28,405810.8932858099
2013-03-01,287787.76970895997
2013-03-02,256940.0062029901
2013-03-03,150688.26557283002
2013-03-04,263267.72565961
2013-03-05,325458.43030820007
2013-03-06,434978.39537666005
2013-03-07,374617.0436695097
2013-03-08,247328.89469149022
2013-03-09,200151.53168706005
2013-03-10,195697.49952030997
2013-03-11,230426.14586941004
2013-03-12,305880.73325320997
2013-03-13,292864.8889165301
2013-03-14,264313.41420879
2013-03-15,259727.32670819008
2013-03-16,172834.95928508003
2013-03-17,159317.69545817
2013-03-18,236203.20637069998
2013-03-19,345351.3285412199
2013-03-20,310975.19933145994
2013-03-21,342584.0155453099
2013-03-22,291743.14627361984
2013-03-23,243477.78016565996
2013-03-24,195085.67915206007
2013-03-25,326691.54779333994
2013-03-26,271449.13705461996
2013-03-27,276762.80484472006
2013-03-28,364165.5998569598
2013-03-29,302368.5945333199
2013-03-30,227317.60066105984
2013-03-31,155181.59997399992
2013-04-01,286826.9169357
2013-04-02,380938.2988868601
2013-04-03,470164.7759844401
2013-04-04,292717.66266120994
2013-04-05,250342.35385029
2013-04-06,197241.88433971
2013-04-07,186218.6619701901
2013-04-08,357388.89647630014
2013-04-09,461840.32443651994
2013-04-10,576109.9344935102
2013-04-11,599818.5615721201
2013-04-12,459934.5752870999
2013-04-13,229693.44172543995
2013-04-14,201988.37364844003
2013-04-15,311325.41355745995
2013-04-16,536008.9119290499
2013-04-17,351416.3784802398
2013-04-18,245347.9813680901
2013-04-19,242093.77171069002
2013-04-20,183858.06119315
2013-04-21,166536.6610067
2013-04-22,169399.25825756
2013-04-23,192766.3152049899
2013-04-24,279698.1065230699
2013-04-25,291124.20144641993
2013-04-26,234820.3710193501
2013-04-27,258920.29122507994
2013-04-28,138614.98522479998
2013-04-29,363795.45623182005
2013-04-30,228081.02062457995
2013-05-01,292538.6939631902
2013-05-02,324557.1311472699
2013-05-03,318923.88827155
2013-05-04,184233.53986431
2013-05-05,202545.9158953698
2013-05-06,306104.4456960102
2013-05-07,441989.1901579702
2013-05-08,335864.65478283004
2013-05-09,180316.90470254992
2013-05-10,222942.94805306985
2013-05-11,222409.22170179992
2013-05-12,225630.38671529005
2013-05-13,315793.3047136299
2013-05-14,249369.54801419997
2013-05-15,267976.5156544199
2013-05-16,232027.25361117
2013-05-17,243903.78593388002
2013-05-18,182172.9250575801
2013-05-19,132719.05004989
2013-05-20,143904.23899183003
2013-05-21,169458.87459805992
1972-09-04,9574.13476004
2005-12-16,211.51239027
2013-05-22,159595.97930191
2013-05-23,169453.8753461499
2013-05-24,231680.47478274998
2013-05-25,202214.19659329992
2013-05-26,76975.35363688004
2013-05-27,175857.75842635002
2013-05-28,190080.95113599996
2013-05-29,198489.20559973997
2013-05-30,216687.81137183993
2013-05-31,137124.60367966996
2013-06-01,108927.7396633
2013-06-02,147802.25691849002
2013-06-03,257994.58027862
2013-06-04,207129.02660192
2013-06-05,183258.53811499994
2013-06-06,204730.35534172985
2013-06-07,232258.04477953003
2013-06-08,139729.28745275
2013-06-09,257841.07891350987
2013-06-10,172645.48680533996
2013-06-11,168592.89652915997
2013-06-12,175917.99486802993
2013-06-13,164016.26948392007
2013-06-14,206874.78406548
2013-06-15,125331.21858852998
2013-06-16,138119.18358573003
2013-06-17,151821.25312999001
2013-06-18,172246.69358119005
2013-06-19,141255.46868804004
2013-06-20,178309.46495869014
2013-06-21,200048.709066
2013-06-22,126501.68032741
2013-06-23,116206.17137991001
2013-06-24,186333.8330384301
2013-06-25,157426.98187214998
2013-06-26,169601.88330031995
2013-06-27,150127.75507653994
2013-06-28,190869.56568753003
2013-06-29,127999.87663246998
2013-06-30,115892.94108377
2013-07-01,285111.57713382994
2013-07-02,220776.89104219005
2013-07-03,299265.07164185995
2013-07-04,356894.5905588802
2013-07-05,334281.76334112004
2013-07-06,215660.64166076988
2013-07-07,155451.20474673
2013-07-08,226004.2899244901
2013-07-09,379718.5597135999
2013-07-10,308148.0546352501
2013-07-11,272371.83879750007
2013-07-12,281110.16750312014
2013-07-13,300592.2184357299
2013-07-14,149433.12476393004
2013-07-15,176194.72069405002
2013-07-16,232756.69708505992
2013-07-17,396981.9868265698
2013-07-18,448990.59074077004
2013-07-19,188610.63940035
2013-07-20,119391.31528708005
2013-07-21,158308.95815656005
2013-07-22,229899.61915
2013-07-23,332366.9009713101
2013-07-24,234050.33231386985
2013-07-25,198727.34080563002
2013-07-26,246644.96399876004
2013-07-27,115105.29993903008
2013-07-28,138134.53019534
2013-07-29,190492.7393743899
2013-07-30,225728.50498636998
2013-07-31,241425.57072729
2013-08-01,243907.4732366201
2013-08-02,191438.45372861
2013-08-03,228265.63286726992
2013-08-04,110029.65877089997
2013-08-05,228197.48477775007
2013-08-06,159730.28231112004
2013-08-07,189388.40381904002
2013-08-08,181941.43566782997
2013-08-09,151509.93434709994
2013-08-10,136199.86004605005
2013-08-11,126589.27055939006
2013-08-12,267134.09801897994
2013-08-13,245074.45282489006
2013-08-14,224312.98760389994
2013-08-15,217450.44502080005
2013-08-16,157101.94647745008
2013-08-17,114536.98341372996
2013-08-18,107422.49324048005
2013-08-19,224456.19084183002
2013-08-20,241164.20661891004
2013-08-21,199706.29926530004
2013-08-22,179738.34064306004
2013-08-23,177650.06223172994
2013-08-24,119884.59513827995
2013-08-25,104578.4292591
2013-08-26,174454.59641477992
2013-08-27,219203.85182866995
2013-08-28,218129.13739482008
2013-08-29,230904.47718338016
2013-08-30,193471.43664041016
2013-08-31,155849.5588608699
2013-09-01,153314.92428665
2013-09-02,165882.39906085
2013-09-03,225422.07976199998
2013-09-04,183217.72771320998
2013-09-05,177049.89673930997
2013-09-06,152357.11517920997
2013-09-07,105185.05527183002
2013-09-08,88442.26568392004
2013-09-09,165578.4276796202
2013-09-10,137684.08499142
2013-09-11,142910.01489417005
2013-09-12,158748.09555927993
2013-09-13,139789.45665451008
2013-09-14,120015.31889617002
2013-09-15,97456.89259613995
2013-09-16,163942.68639727
2013-09-17,140261.22043916
2013-09-18,169965.65476231006
2013-09-19,237642.10423061
2013-09-20,158254.59884884005
2013-09-21,113121.38518494007
2013-09-22,130893.40564173003
2013-09-23,192107.55014209996
2013-09-24,240514.5754879901
2013-09-25,202016.49067269993
2013-09-26,161404.05316356002
2013-09-27,166886.34956235986
2013-09-28,121942.85342382999
2013-09-29,155201.74551582
2013-09-30,185709.46842476996
2013-10-01,239574.95186733987
2013-10-02,387246.18301385
2013-10-03,249282.67211328002
2013-10-04,141664.55357629005
2013-10-05,101657.93025311998
2013-10-06,98719.53514323004
2013-10-07,205348.7118476401
2013-10-08,131866.82666575
2013-10-09,191248.05167481
2013-10-10,153203.78834891997
2013-10-11,173427.01026714
2013-10-12,120375.95726098004
2013-10-13,119770.90038174005
2013-10-14,176306.75143377998
2013-10-15,206391.1527819201
2013-10-16,239906.31425250004
2013-10-17,154344.97651121006
2013-10-18,165807.79466198996
2013-10-19,184722.59343804003
2013-10-20,137640.21392144004
2013-10-21,233287.29530493004
2013-10-22,319389.19252389
2013-10-23,271397.79911734007
2013-10-24,226408.27529929002
2013-10-25,333523.0203184602
2013-10-26,201560.58536183008
2013-10-27,115064.26099635006
2013-10-28,128470.43918046003
2013-10-29,282487.6727660803
2013-10-30,170716.02918349006
2013-10-31,149464.41344999993
2013-11-01,151066.90580589004
2013-11-02,115735.11253730995
2013-11-03,133411.37013308
2013-11-04,301651.6343391401
2013-11-05,288646.68244276993
2013-11-06,223465.95168950985
2013-11-07,349510.22614142986
2013-11-08,288727.84160683
2013-11-09,263307.25170635
2013-11-10,231902.80959657006
2013-11-11,188119.8051313201
2013-11-12,230870.30421036994
2013-11-13,244711.28201581998
2013-11-14,264834.34888882004
2013-11-15,231086.84202393008
2013-11-16,202174.6915351799
2013-11-17,193494.1617191501
2013-11-18,338420.9498153699
2013-11-19,397834.7424483199
2013-11-20,371779.13728921977
2013-11-21,256919.68920855995
2013-11-22,648407.7452435101
2013-11-23,221046.48998138995
2013-11-24,210764.6978717899
2013-11-25,172777.08498700993
2013-11-26,322020.82173323
2013-11-27,312199.50292053
2013-11-28,359300.07975849987
2013-11-29,338974.4317123202
2013-11-30,197183.40554851
2013-12-01,222776.31077207005
2013-12-02,198670.09115323008
2013-12-03,161899.59098815004
2013-12-04,184074.3312987099
2013-12-05,330612.6152371799
2013-12-06,253585.65885261993
2013-12-07,270128.0696290299
2013-12-08,171169.3344149001
2013-12-09,146308.27394274995
2013-12-10,174430.31778971993
2013-12-11,234368.97670287997
2013-12-12,106521.54429542997
2013-12-13,121634.80854420007
2013-12-14,125087.13684555002
2013-12-15,97962.94577765999
2013-12-16,220376.68313732004
2013-12-17,217014.0447266298
2013-12-18,357804.16258942994
2013-12-19,265615.1820188699
2013-12-20,168270.24024572002
2013-12-21,283980.8486694798
2013-12-22,178717.73673493997
2013-12-23,128896.87437618001
2013-12-24,175610.0815688
2013-12-25,225149.53693005
2013-12-26,99050.8055280501
2013-12-27,114267.70030730008
2013-12-28,76732.56445118993
2013-12-29,79480.80103351001
2013-12-30,106669.26440653004
2013-12-31,102187.18120114002
2014-01-01,77258.75700595001
2014-01-02,109524.95776922998
2014-01-03,181021.63772053996
2014-01-04,142494.75682652998
2014-01-05,187081.10633763007
2014-01-06,144626.99086356003
2014-01-07,115956.61464789005
2014-01-08,126303.8286027
2014-01-09,85475.26728481002
2014-01-10,74229.49672293998
2014-01-11,98338.99447569996
2014-01-12,81172.77264370992
2014-01-13,96439.69324955999
2014-01-14,121403.23557341003
2014-01-15,105123.96771440006
2014-01-16,112673.5126696
2014-01-17,82662.80549146
2014-01-18,53753.84494468999
2014-01-19,60876.33629236002
2014-01-20,103842.71625402998
2014-01-21,132078.4731785699
2014-01-22,89074.00086588996
2014-01-23,80773.98015011995
2014-01-24,132085.41725431007
2014-01-25,81680.44969035005
2014-01-26,76549.64490953997
2014-01-27,136923.66722473002
2014-01-28,109510.21289027004
2014-01-29,68451.26445598999
2014-01-30,95391.06732637004
2014-01-31,62350.093568279975
2014-02-01,67243.58736532996
2014-02-02,56675.896041650034
2014-02-03,62939.020984329996
2014-02-04,111674.21454180995
2014-02-05,213218.88124963
2014-02-06,141750.91141094998
2014-02-07,147663.16527351
2014-02-08,78364.72715764
2014-02-09,74532.31995711003
2014-02-10,137977.82779629005
2014-02-11,146220.32288937
2014-02-12,91947.74154693996
2014-02-13,95580.36936334003
2014-02-14,122337.80822204992
2014-02-15,97113.76853678003
2014-02-16,100665.69846192004
2014-02-17,90962.89398788004
2014-02-18,120744.65492376003
2014-02-19,84797.79506974005
2014-02-20,104214.56026857001
2014-02-21,98875.68347486
2014-02-22,92928.12151242008
2014-02-23,84458.29800377
2014-02-24,169356.68681615
2014-02-25,275357.97468785994
2014-02-26,157206.13457262007
2014-02-27,110127.39665456007
2014-02-28,130955.24590417002
2014-03-01,84590.85267471004
2014-03-02,69352.91735141996
2014-03-03,178002.68476585997
2014-03-04,179020.6602359301
2014-03-05,110197.73131525997
2014-03-06,120680.86424026999
2014-03-07,958812.0228404597
2014-03-08,440656.7167510797
2014-03-09,354072.3275818999
2014-03-10,387514.79489532
2014-03-11,314382.29664462
2014-03-12,333245.7548174901
2014-03-13,313208.4575099401
2014-03-14,209754.97884410006
2014-03-15,195532.9764361001
2014-03-16,46185.69874042001
2014-03-17,88620.98645736997
2014-03-18,99719.73132383001
2014-03-19,130199.79203782005
2014-03-20,121098.62606313992
2014-03-21,108826.65263360007
2014-03-22,70105.71019454999
2014-03-23,38764.27111959
2014-03-24,98272.89999119997
2014-03-25,89678.60598257
2014-03-26,93126.88459290998
2014-03-27,177382.6719863
2014-03-28,175481.25033994997
2014-03-29,66870.17098471003
2014-03-30,123109.91325269999
2014-03-31,134860.25320812006
2014-04-01,125559.57150470001
2014-04-02,132369.7373393099
2014-04-03,146462.30677275
2014-04-04,131509.31811554
2014-04-05,124045.35643830996
2014-04-06,78806.50839707995
2014-04-07,84064.17621261001
2014-04-08,106103.48291307999
2014-04-09,127400.21692702
2014-04-10,226720.07636896
2014-04-11,183530.15497588995
2014-04-12,62406.36194760002
2014-04-13,60994.73645081002
2014-04-14,112286.76468366999
2014-04-15,123824.07831701999
2014-04-16,181903.30665567002
2014-04-17,125757.95588095994
2014-04-18,75182.34251759999
2014-04-19,67563.93153003001
2014-04-20,64568.54185266998
2014-04-21,128422.12756338003
2014-04-22,102769.57541986999
2014-04-23,124917.16727707999
2014-04-24,86326.77574506996
2014-04-25,119628.52964812993
2014-04-26,69665.48187599996
2014-04-27,77749.14450606002
2014-04-28,110338.85481344993
2014-04-29,117078.46185987005
2014-04-30,79783.96161965998
2014-05-01,73930.59650967998
2014-05-02,79964.14030635002
2014-05-03,70548.01174237997
2014-05-04,53009.094707089986
2014-05-05,80523.65489479002
2014-05-06,85691.36110336003
2014-05-07,115042.35772949003
2014-05-08,88297.62177218005
2014-05-09,75167.97067782999
2014-05-10,51102.68461491002
2014-05-11,51783.811030740035
2014-05-12,92593.17475612
2014-05-13,98530.41200446
2014-05-14,125019.84859833994
2014-05-15,103092.76602648002
2014-05-16,69499.48396135998
2014-05-17,42852.75263148001
2014-05-18,49567.70842883999
2014-05-19,85256.86981859994
2014-05-20,143478.31458683996
2014-05-21,90525.83967284004
2014-05-22,126426.87445018995
2014-05-23,126635.26179977998
2014-05-24,333189.78909044014
2014-05-25,150037.94086675005
2014-05-26,111331.63897683004
2014-05-27,169605.90516633005
2014-05-28,93045.35713437002
2014-05-29,77044.22233064997
2014-05-30,121281.77840258997
2014-05-31,76531.70421522998
2014-06-01,105063.18181589995
2014-06-02,107449.17263381
2014-06-03,125543.60601666999
2014-06-04,107335.95525463007
2014-06-05,102370.31948830001
2014-06-06,111024.65580126001
2014-06-07,64277.15349634
2014-06-08,76331.30451623001
2014-06-09,82385.76453155997
2014-06-10,159369.65404973
2014-06-11,141004.85750515998
2014-06-12,361479.27580243995
2014-06-13,110426.39994282996
2014-06-14,76974.83504838998
2014-06-15,52552.40760492998
2014-06-16,100668.67906473004
2014-06-17,78979.96496636001
2014-06-18,95065.80453339998
2014-06-19,79860.86590839998
2014-06-20,67946.62823594999
2014-06-21,54564.86061833
2014-06-22,48496.61087273
2014-06-23,146596.8136128
2014-06-24,188240.77917109994
2014-06-25,104526.98480470004
2014-06-26,105468.02347170004
2014-06-27,79874.51837154002
2014-06-28,52999.258057009974
2014-06-29,53577.676197469984
2014-06-30,95436.44333237008
2014-07-01,154846.93947618996
2014-07-02,111379.38914156002
2014-07-03,97168.58293394002
2014-07-04,63495.353389769996
2014-07-05,56886.84891430997
2014-07-06,41906.27265947001
2014-07-07,91954.02057189
2014-07-08,80384.43485617002
2014-07-09,89346.47606225994
2014-07-10,95114.5237978
2014-07-11,65643.32190078
2014-07-12,56769.610369120026
2014-07-13,64925.67667780004
2014-07-14,68820.38996313998
2014-07-15,87635.37079001001
2014-07-16,117840.62726728001
2014-07-17,79392.52455568996
2014-07-18,86163.08475103998
2014-07-19,74796.32278723003
2014-07-20,42025.40223588001
2014-07-21,130673.44857943009
2014-07-22,80276.16446834002
2014-07-23,76306.26837913998
2014-07-24,109144.58528870996
2014-07-25,85519.66243730001
2014-07-26,49873.91235702998
2014-07-27,62548.37308436999
2014-07-28,84089.50680592997
2014-07-29,74924.30787738
2014-07-30,80988.04763778999
2014-07-31,84872.33450943006
2014-08-01,165460.01996641996
2014-08-02,67550.5991246
2014-08-03,54245.96642537
2014-08-04,116360.39566913998
2014-08-05,158094.93305790992
2014-08-06,107070.52098165998
2014-08-07,95343.52285822002
2014-08-08,75593.75710373002
2014-08-09,89108.36420336003
2014-08-10,70011.76347934999
2014-08-11,88073.69579142993
2014-08-12,107628.98135256008
2014-08-13,131914.13280772005
2014-08-14,148763.6047235399
2014-08-15,142569.06930548002
2014-08-16,92741.13017244996
2014-08-17,87277.03378835005
2014-08-18,183018.28475498004
2014-08-19,126317.23736452997
2014-08-20,110477.08465740003
2014-08-21,166488.09929400988
2014-08-22,119289.11903261996
2014-08-23,84220.82656151002
2014-08-24,52701.29764472997
2014-08-25,123063.21094908008
2014-08-26,99454.89104728002
2014-08-27,114674.02262024004
2014-08-28,134874.20230062
2014-08-29,138395.79438088997
2014-08-30,58572.047998109985
2014-08-31,73213.04607098001
2014-09-01,97068.41549292003
2014-09-02,126288.59290942995
2014-09-03,97916.76107041
2014-09-04,96271.10462892
2014-09-05,100651.52782676004
2014-09-06,80514.66618107
2014-09-07,72945.791464
2014-09-08,108782.04811497005
2014-09-09,138939.10619291998
2014-09-10,96732.93467423
2014-09-11,102193.22505909
2014-09-12,100423.56673241002
2014-09-13,61021.62215813999
2014-09-14,80414.93819765003
2014-09-15,104927.53507970997
2014-09-16,96931.16241314005
2014-09-17,117010.16039843006
2014-09-18,163898.58842478003
2014-09-19,187034.20561238003
2014-09-20,149263.84378763998
2014-09-21,111616.69228561
2014-09-22,95881.05237945996
2014-09-23,128654.36291635006
2014-09-24,118159.52394275005
2014-09-25,120547.82246358995
2014-09-26,109596.80304485004
2014-09-27,91111.67000708998
2014-09-28,106355.30737894999
2014-09-29,183033.87230530003
2014-09-30,151519.24597845
2014-10-01,180725.81348156004
2014-10-02,116755.99769743007
2014-10-03,167967.15592354993
2014-10-04,154413.77652506012
2014-10-05,266257.4683011601
2014-10-06,224852.35922162
2014-10-07,143736.59083906998
2014-10-08,212176.22420146008
2014-10-09,212402.29612600993
2014-10-10,212875.05822821995
2014-10-11,138595.34311793995
2014-10-12,105538.37255924997
2014-10-13,183176.97705788992
2014-10-14,202192.9217662
2014-10-15,160311.82605765
2014-10-16,129205.07479018002
2014-10-17,145656.50311251997
2014-10-18,103242.58689653002
2014-10-19,83725.6751911
2014-10-20,129046.21257743001
2014-10-21,111205.46425572997
2014-10-22,215953.18125969003
2014-10-23,154264.89107740007
2014-10-24,161360.82352393988
2014-10-25,105640.69836529995
2014-10-26,99191.93937111001
2014-10-27,138019.53246773008
2014-10-28,141104.82631961998
2014-10-29,156592.52232486996
2014-10-30,149213.76513140002
2014-10-31,152354.54223155996
2014-11-01,102172.12966243003
2014-11-02,92560.29464393009
2014-11-03,134973.76114090002
2014-11-04,207687.01400727
2014-11-05,188607.75920551002
2014-11-06,156884.24646424997
2014-11-07,169493.8530918
2014-11-08,92504.28538872993
2014-11-09,110689.59716309003
2014-11-10,197356.34843906004
2014-11-11,148158.24197851
2014-11-12,253807.62022798997
2014-11-13,358080.29568376
2014-11-14,215183.87767494
2014-11-15,168542.91992133996
2014-11-16,169302.0437403701
2014-11-17,173139.85523418008
2014-11-18,198055.00172494003
2014-11-19,143712.99180658
2014-11-20,210106.61983954997
2014-11-21,170819.74849746
2014-11-22,103576.47105663003
2014-11-23,95908.35904084
2014-11-24,163078.88148406992
2014-11-25,202329.36422738992
2014-11-26,163309.70673348
2014-11-27,121353.16327740003
2014-11-28,474688.6702351399
2014-11-29,140744.29825788998
2014-11-30,102917.47417485
2014-12-01,172222.39498816
2014-12-02,425623.60905203014
2014-12-03,192986.26599475998
2014-12-04,272536.7052513401
2014-12-05,220358.90771255002
2014-12-06,170146.36626858008
2014-12-07,131642.65627362992
2014-12-08,290997.0457374799
2014-12-09,248436.30381934982
2014-12-10,169310.84908604994
2014-12-11,181789.93263516997
2014-12-12,163007.66465201002
2014-12-13,128521.04206922004
2014-12-14,99223.66094991
2014-12-15,166359.13969925995
2014-12-16,261952.6139375199
2014-12-17,255318.68503030002
2014-12-18,268442.85347277
2014-12-19,226913.46558186985
2014-12-20,148889.81479751997
2014-12-21,116786.88273574997
2014-12-22,197419.36684707986
2014-12-23,230878.89047621997
2014-12-24,197673.93426347
2014-12-25,121983.85998134002
2014-12-26,113418.22110466001
2014-12-27,130710.31751765
2014-12-28,98740.42529299001
2014-12-29,178367.09773193
2014-12-30,164317.44088726005
2014-12-31,156798.00841896006
2015-01-01,76909.16291998998
2015-01-02,117456.63807848
2015-01-03,238145.12666732998
2015-01-04,262975.5414748399
2015-01-05,240496.2121166299
2015-01-06,241307.31993758003
2015-01-07,235041.90173356
2015-01-08,321474.59180072986
2015-01-09,258910.80413242994
2015-01-10,192610.49084792
2015-01-11,155269.77995350998
2015-01-12,201026.13523315004
2015-01-13,370831.26260405994
2015-01-14,493056.07674890006
2015-01-15,324146.04351659
2015-01-16,262412.7404753301
2015-01-17,175329.44792256004
2015-01-18,153482.52395286007
2015-01-19,169839.97271458004
2015-01-20,301222.0089152899
2015-01-21,436792.82828887005
2015-01-22,258047.79707260994
2015-01-23,197556.26966899002
2015-01-24,186333.02425578
2015-01-25,151447.92356654003
2015-01-26,402484.5741528198
2015-01-27,242369.08048489998
2015-01-28,181718.04396767006
2015-01-29,230227.93792157012
2015-01-30,198020.5517353001
2015-01-31,191574.70605595008
2015-02-01,140744.58594308005
2015-02-02,185984.97223516004
2015-02-03,226373.55323174995
2015-02-04,218909.75483943996
2015-02-05,249246.21813233008
2015-02-06,187299.44755411992
2015-02-07,148573.71507058002
2015-02-08,146227.89741786005
2015-02-09,230534.85554987993
2015-02-10,207134.58639528006
2015-02-11,192177.10059976994
2015-02-12,178823.13387119008
2015-02-13,266343.32756596984
2015-02-14,197145.26076544
2015-02-15,179593.09055712004
2015-02-16,162032.64627519017
2015-02-17,172202.21992319002
2015-02-18,216615.47408984005
2015-02-19,172403.65808409004
2015-02-20,177107.00197807004
2015-02-21,124937.26305006999
2015-02-22,111539.24682560001
2015-02-23,168572.30504258003
2015-02-24,135217.51190811998
2015-02-25,195855.44776465007
2015-02-26,173954.32253601996
2015-02-27,217809.54347191012
2015-02-28,121920.16809611006
2015-03-01,209337.4192027701
2015-03-02,245338.86147717998
2015-03-03,249742.95421394
2015-03-04,226219.72395024
2015-03-05,255143.25311297012
2015-03-06,209201.05064493004
2015-03-07,197373.32398828992
2015-03-08,341396.17727785994
2015-03-09,273350.66390166996
2015-03-10,275548.05043156986
2015-03-11,203793.5868545201
2015-03-12,206078.00396128
2015-03-13,209335.06985220988
2015-03-14,158673.95449579993
2015-03-15,101142.44234826001
2015-03-16,157975.95787983996
2015-03-17,153472.14729414997
2015-03-18,267881.59299171995
2015-03-19,257697.45770322
2015-03-20,171598.57288128012
2015-03-21,134249.83231444
2015-03-22,96758.26877291995
2015-03-23,240287.06893916003
2015-03-24,219998.50889292
2015-03-25,220197.19462480993
2015-03-26,216261.86869301993
2015-03-27,217446.63743487
2015-03-28,120522.50513201993
2015-03-29,131534.17873539
2015-03-30,191010.81370737014
2015-03-31,188915.1288032301
2015-04-01,212070.73604495003
2015-04-02,202312.8347450999
2015-04-03,154993.02920480992
2015-04-04,94976.11289826
2015-04-05,88662.78133338001
2015-04-06,160249.34847409007
2015-04-07,188638.75449648997
2015-04-08,231039.75476528995
2015-04-09,199616.62748278005
2015-04-10,238048.59125573005
2015-04-11,129999.24737194998
2015-04-12,104438.38518220997
2015-04-13,232855.05618602005
2015-04-14,237886.39000246007
2015-04-15,208616.46853396995
2015-04-16,200193.13453107004
2015-04-17,207338.44566249012
2015-04-18,159627.18797264
2015-04-19,153348.56112207996
2015-04-20,200484.76566100997
2015-04-21,227281.93062674996
2015-04-22,181528.79735576003
2015-04-23,202980.11921309
2015-04-24,226864.8041635199
2015-04-25,138404.83210584003
2015-04-26,169046.97913139
2015-04-27,244071.3628335401
2015-04-28,217887.55090949
2015-04-29,191715.88154123005
2015-04-30,230523.17047439996
2015-05-01,188754.3546137
2015-05-02,109174.89724184993
2015-05-03,164247.10145174994
2015-05-04,184111.29451638993
2015-05-05,170790.96404821007
2015-05-06,205239.60899050997
2015-05-07,191807.06468409003
2015-05-08,213463.62419901005
2015-05-09,142721.91394222004
2015-05-10,136287.25311927998
2015-05-11,212101.0282237801
2015-05-12,188598.8670167801
2015-05-13,202265.90868955
2015-05-14,194405.62863887005
2015-05-15,164996.23867689996
2015-05-16,120393.23932949996
2015-05-17,106355.26173592002
2015-05-18,175327.43261649998
2015-05-19,217430.48437106996
2015-05-20,192761.60858785996
2015-05-21,191871.82199793993
2015-05-22,254809.81151391
2015-05-23,161301.47060950997
2015-05-24,114754.16676610004
2015-05-25,158119.91825467997
2015-05-26,192844.03538863015
2015-05-27,205978.39504258
2015-05-28,193126.34310119998
2015-05-29,228542.6316317999
2015-05-30,186692.10747104022
2015-05-31,171396.77387515001
2015-06-01,308112.9926339699
2015-06-02,247493.0924960501
2015-06-03,251382.95367979002
2015-06-04,202751.73136537994
2015-06-05,242675.95878135
2015-06-06,147338.33554023996
2015-06-07,148588.45018539
2015-06-08,250174.13527820996
2015-06-09,220235.20421802
2015-06-10,238327.00050066982
2015-06-11,232392.59447537
2015-06-12,239714.59714313998
2015-06-13,173499.48950996005
2015-06-14,178969.26106711003
2015-06-15,238116.99436432996
2015-06-16,335093.1155685801
2015-06-17,363799.8835892503
2015-06-18,276667.84921282006
2015-06-19,459856.0343508201
2015-06-20,178864.7202284699
2015-06-21,139564.25841968998
2015-06-22,212220.81305958994
2015-06-23,208429.61667409996
2015-06-24,219864.75450647995
2015-06-25,198375.43405957
2015-06-26,243448.31811066004
2015-06-27,164946.2103066001
2015-06-28,145379.98355630002
2015-06-29,266619.3965458198
2015-06-30,312673.26186556014
2015-07-01,279924.3458015599
2015-07-02,273853.33774635
2015-07-03,224985.17415889015
2015-07-04,183319.90123902008
2015-07-05,300256.2313389199
2015-07-06,336974.4556104599
2015-07-07,321559.7835258898
2015-07-08,262010.35955325988
2015-07-09,249738.81205587002
2015-07-10,375334.49506342993
2015-07-11,233137.96793419996
2015-07-12,269078.07185736
2015-07-13,241796.35532518002
2015-07-14,238413.03952788998
2015-07-15,206847.7882250301
2015-07-16,308826.91493661015
2015-07-17,249800.64746592997
2015-07-18,166434.1918952101
2015-07-19,137825.03828335
2015-07-20,201639.00752441003
2015-07-21,208364.20286866004
2015-07-22,213447.62089269998
2015-07-23,205850.66288761995
2015-07-24,243677.11191768994
2015-07-25,180028.57359461012
2015-07-26,130471.86035514002
2015-07-27,246537.11835636004
2015-07-28,288835.23805133003
2015-07-29,218012.96067594003
2015-07-30,182897.9587911801
2015-07-31,216622.55311599004
2015-08-01,175363.67648128007
2015-08-02,171232.18681283
2015-08-03,211042.07483466007
2015-08-04,224416.11494839002
2015-08-05,229748.91345223994
2015-08-06,215372.17300469006
2015-08-07,207034.46017638006
2015-08-08,240778.6644433401
2015-08-09,410702.0295776601
2015-08-10,262572.4269571499
2015-08-11,260161.2930655199
2015-08-12,263079.73744416
2015-08-13,300247.49225003
2015-08-14,273022.93050806003
2015-08-15,198064.94878876992
2015-08-16,231883.02416525004
2015-08-17,332250.07334436005
2015-08-18,426725.27049344004
2015-08-19,387837.38910480996
2015-08-20,339250.4330309199
2015-08-21,309739.17296874
2015-08-22,256310.56171799984
2015-08-23,177256.5306259399
2015-08-24,482586.62863481994
2015-08-25,407443.41533283
2015-08-26,332287.1408542701
2015-08-27,238797.41517923007
2015-08-28,345096.4881915498
2015-08-29,192359.1313423901
2015-08-30,180277.63658180006
2015-08-31,291592.91375758016
2015-09-01,309529.4015912899
2015-09-02,242305.53241932995
2015-09-03,252410.53493384985
2015-09-04,248511.19147045008
2015-09-05,174416.7806795299
2015-09-06,245783.60512282
2015-09-07,241743.33061642005
2015-09-08,298929.53709122
2015-09-09,299627.12859584985
2015-09-10,278866.9115674301
2015-09-11,250172.89972626
2015-09-12,140353.53242941998
2015-09-13,185097.70437224998
2015-09-14,255643.43935006997
2015-09-15,246784.18858605996
2015-09-16,248621.48031401008
2015-09-17,273274.0910762398
2015-09-18,300046.05210937996
2015-09-19,228371.03532519992
2015-09-20,223215.76978711007
2015-09-21,359219.16838825005
2015-09-22,327342.42414097
2015-09-23,267716.2482413799
2015-09-24,250999.61884903003
2015-09-25,278648.3728492701
2015-09-26,175220.14628722987
2015-09-27,156013.02418609
2015-09-28,311790.1841895898
2015-09-29,333134.28103604
2015-09-30,317059.71258718
2015-10-01,325658.4491002302
2015-10-02,332155.20891240006
2015-10-03,171740.95523365992
2015-10-04,138567.54816669997
2015-10-05,299555.14125676005
2015-10-06,305886.18474844
2015-10-07,311129.07933170005
2015-10-08,442435.3727706101
2015-10-09,273644.49384154007
2015-10-10,210851.76554385
2015-10-11,161478.29439081004
2015-10-12,269000.67892787
2015-10-13,318348.8076274501
2015-10-14,327842.61893083004
2015-10-15,335359.26146507
2015-10-16,329924.66854815005
2015-10-17,322600.80592900986
2015-10-18,204131.87196133987
2015-10-19,346600.3962592799
2015-10-20,351599.09091959
2015-10-21,306225.38311717013
2015-10-22,329922.86437025986
2015-10-23,294711.30467025004
2015-10-24,257987.65151182
2015-10-25,324739.9304236099
2015-10-26,308897.74938903
2015-10-27,387022.84407381
2015-10-28,417348.3387010901
2015-10-29,478219.5570280901
2015-10-30,548012.6712781799
2015-10-31,374706.11209325993
2015-11-01,372555.7315184402
2015-11-02,542280.3116978898
2015-11-03,721831.9950778602
2015-11-04,770877.1552545105
2015-11-05,769291.8095781504
2015-11-06,506555.37334578024
2015-11-07,391786.4450436502
2015-11-08,314322.22423889994
2015-11-09,585056.0047142606
2015-11-10,537322.2005400697
2015-11-11,627586.54522058
2015-11-12,540116.8388015201
2015-11-13,430414.30220334977
2015-11-14,402309.25719288015
2015-11-15,386823.39036268025
2015-11-16,450506.35170545004
2015-11-17,444847.8376576
2015-11-18,433312.12819449994
2015-11-19,383291.96773852006
2015-11-20,362004.3761776499
2015-11-21,297887.3534970999
2015-11-22,247490.33582672002
2015-11-23,286784.06716268003
2015-11-24,297698.4369053402
2015-11-25,479301.2647394898
2015-11-26,477686.15339831996
2015-11-27,457130.08006581
2015-11-28,294011.7791525398
2015-11-29,247721.94062968995
2015-11-30,429371.0526533397
2015-12-01,453479.55746811983
2015-12-02,577523.8424563498
2015-12-03,456010.8929446499
2015-12-04,374830.97134761984
2015-12-05,516644.99787174974
2015-12-06,519048.01735630014
2015-12-07,453660.5590084399
2015-12-08,450073.11535496986
2015-12-09,589022.9101219297
2015-12-10,399198.80777077965
2015-12-11,503224.5518589198
2015-12-12,450474.64296993
2015-12-13,445215.51803907007
2015-12-14,482950.2907789501
2015-12-15,646461.2953149101
2015-12-16,492055.01375372027
2015-12-17,437807.97872472025
2015-12-18,455463.1933918
2015-12-19,481380.4027003097
2015-12-20,405345.4122292799
2015-12-21,561337.3896475199
2015-12-22,497565.2166928501
2015-12-23,412903.6882730002
2015-12-24,503613.1327753798
2015-12-25,459472.31683235004
2015-12-26,417655.51121064014
2015-12-27,195436.49978090005
2015-12-28,318115.0261752899
2015-12-29,258491.8664428601
2015-12-30,226955.81679153995
2015-12-31,196133.85651356998
2016-01-01,131951.21571039988
2016-01-02,115650.77935771996
2016-01-03,159206.65447145005
2016-01-04,214141.12899337
2016-01-05,233056.59795903007
2016-01-06,224430.32849631007
2016-01-07,340257.43124362995
2016-01-08,264699.37922022
2016-01-09,144462.68966282008
2016-01-10,211208.17410970991
2016-01-11,271917.86793604994
2016-01-12,229853.19348386006
2016-01-13,292157.8778515601
2016-01-14,228051.50684448009
2016-01-15,373141.4770927802
2016-01-16,295345.2125048598
2016-01-17,190865.44447963
2016-01-18,237864.9096154899
2016-01-19,257569.89908018004
2016-01-20,367817.19180098
2016-01-21,630816.03022971
2016-01-22,337123.2833125898
2016-01-23,240615.16836839
2016-01-24,292352.83264959004
2016-01-25,2020953.1687900212
2016-01-26,341891.31855196995
2016-01-27,430574.21902642015
2016-01-28,362551.7070603399
2016-01-29,499331.3867696399
2016-01-30,331518.00214834994
2016-01-31,265699.4343665799
2016-02-01,592072.2375202301
2016-02-02,398449.63256651006
2016-02-03,288559.77045806014
2016-02-04,365314.81502985995
2016-02-05,418337.15419871017
2016-02-06,312862.49841487
2016-02-07,286869.9302642999
2016-02-08,277242.75269214995
2016-02-09,309010.4173392801
2016-02-10,366274.65976610023
2016-02-11,345282.1937632998
2016-02-12,320195.55602129974
2016-02-13,355000.8031625901
2016-02-14,302878.00223272986
2016-02-15,471188.2062793001
2016-02-16,451700.40540683985
2016-02-17,434208.07551024016
2016-02-18,373478.18311680015
2016-02-19,424612.5401065999
2016-02-20,417678.12158777023
2016-02-21,352156.27824340994
2016-02-22,387972.95387218
2016-02-23,453561.4417582998
2016-02-24,406572.90214503004
2016-02-25,374431.95294887014
2016-02-26,411156.8641532198
2016-02-27,362145.27911037975
2016-02-28,434524.8674824001
2016-02-29,574323.0360209002
2016-03-01,616231.56639847
2016-03-02,597797.2975288003
2016-03-03,524068.93277566973
2016-03-04,422929.1960843701
2016-03-05,550770.23517793
2016-03-06,296513.38314288016
2016-03-07,350324.10736110987
2016-03-08,312316.99896152987
2016-03-09,312017.03261579
2016-03-10,335502.62764514005
2016-03-11,339157.9382308
2016-03-12,250815.6086713101
2016-03-13,211872.5270951698
2016-03-14,311924.7706940899
2016-03-15,351479.2307744798
2016-03-16,343912.10167562007
2016-03-17,303062.6113231401
2016-03-18,339637.22593554994
2016-03-19,213215.9284303301
2016-03-20,207719.4230333501
2016-03-21,286039.2862948001
2016-03-22,317222.4432073998
2016-03-23,297605.16508632014
2016-03-24,382228.34113048
2016-03-25,337890.0381162199
2016-03-26,259247.81903815997
2016-03-27,312190.59345915
2016-03-28,328106.0353817599
2016-03-29,392767.6792430898
2016-03-30,318989.38282073004
2016-03-31,322503.36290157
2016-04-01,316160.84963998
2016-04-02,216628.91915349005
2016-04-03,209274.6157992701
2016-04-04,299801.18878899986
2016-04-05,363005.78750640986
2016-04-06,376376.39795210003
2016-04-07,410327.60616253
2016-04-08,329163.8808745399
2016-04-09,248344.42517538992
2016-04-10,246554.91699668992
2016-04-11,294662.92312546994
2016-04-12,379837.5239614602
2016-04-13,315591.81637184013
2016-04-14,278920.05787385005
2016-04-15,308447.9529220101
2016-04-16,201099.21287681002
2016-04-17,209568.53458726007
2016-04-18,271304.34499983996
2016-04-19,314196.6673802203
2016-04-20,312840.67344034
2016-04-21,346924.0207369102
2016-04-22,329184.36114207987
2016-04-23,222448.46650398002
2016-04-24,226589.90543624997
2016-04-25,362233.46177715994
2016-04-26,363972.85583967005
2016-04-27,361953.77232067013
2016-04-28,365740.7087219999
2016-04-29,289965.01167866995
2016-04-30,204394.48842054993
2016-05-01,188817.04580970004
2016-05-02,287684.148784
2016-05-03,287074.1936128303
2016-05-04,426615.8741253199
2016-05-05,284599.66840045
2016-05-06,325669.7475452397
2016-05-07,221270.86109969002
2016-05-08,162536.40473247
2016-05-09,330497.3191436102
2016-05-10,319690.1213081599
2016-05-11,306783.38934812
2016-05-12,320497.6470970401
2016-05-13,298401.0741830501
2016-05-14,227205.78103215003
2016-05-15,212769.80600140002
2016-05-16,304479.78807722987
2016-05-17,318709.7515656001
2016-05-18,346636.56960425986
2016-05-19,376022.9834847598
2016-05-20,351885.23812135984
2016-05-21,229532.52419035992
2016-05-22,193682.57930530005
2016-05-23,287636.1470811601
2016-05-24,331470.1593728799
2016-05-25,383549.05939572
2016-05-26,401434.37597566005
2016-05-27,601379.4740020303
2016-05-28,497557.6505724201
2016-05-29,404554.6439034901
2016-05-30,450446.65575603995
2016-05-31,410643.97852841014
2016-06-01,366979.5382764099
2016-06-02,351602.35022645025
2016-06-03,285960.79844693
2016-06-04,234022.94758153002
2016-06-05,242778.79073498002
2016-06-06,297218.33247325994
2016-06-07,331255.4637805899
2016-06-08,309158.9501825299
2016-06-09,338738.10501469014
2016-06-10,382778.51394826
2016-06-11,274453.72259833006
2016-06-12,419437.4302776
2016-06-13,457412.65426204994
2016-06-14,359296.67858315003
2016-06-15,324638.7910502301
2016-06-16,565034.5862900604
2016-06-17,409615.07689654984
2016-06-18,280419.11791419005
2016-06-19,201638.94065399005
2016-06-20,292302.47441818
2016-06-21,467412.0944818701
2016-06-22,487842.33333990007
2016-06-23,483458.7694420402
2016-06-24,331029.52443413995
2016-06-25,277193.73689034005
2016-06-26,247859.3489723301
2016-06-27,310738.80981788004
2016-06-28,324546.5257083601
2016-06-29,311685.48638174025
2016-06-30,337666.8903918098
2016-07-01,319016.55831154005
2016-07-02,241080.77321820002
2016-07-03,230927.27472733008
2016-07-04,241008.6888540799
2016-07-05,293248.26957859006
2016-07-06,271525.3122667598
2016-07-07,330234.43496193
2016-07-08,290689.6219105001
2016-07-09,216545.88396947007
2016-07-10,158229.32643556007
2016-07-11,256591.77187615004
2016-07-12,285684.82930864004
2016-07-13,283378.53833824996
2016-07-14,247181.32203016
2016-07-15,281068.30253169
2016-07-16,195758.0112409801
2016-07-17,237589.9585955199
2016-07-18,288912.73819293996
2016-07-19,232922.52229298014
2016-07-20,251060.14120262995
2016-07-21,209345.48118738004
2016-07-22,250316.5452281399
2016-07-23,175261.83435925
2016-07-24,245743.16383312008
2016-07-25,207807.99260277994
2016-07-26,271397.09171607986
2016-07-27,258845.18049745995
2016-07-28,282700.8617007001
2016-07-29,227449.12185374982
2016-07-30,156642.5532247701
2016-07-31,234107.28366977992
2016-08-01,286578.77048531006
2016-08-02,543339.9615005301
2016-08-03,391010.93163206987
2016-08-04,363684.3961855701
2016-08-05,273623.67526771023
2016-08-06,202615.29968764988
2016-08-07,260800.45533059
2016-08-08,231597.90883658995
2016-08-09,259009.56873699007
2016-08-10,306737.9682470199
2016-08-11,316658.4413517701
2016-08-12,259072.95191040004
2016-08-13,178862.24038878005
2016-08-14,203832.53588006008
2016-08-15,213376.76216834004
2016-08-16,346054.04955239
2016-08-17,284474.55196679005
2016-08-18,247545.69869839997
2016-08-19,278799.7062925101
2016-08-20,194371.04889582994
2016-08-21,136485.18506826996
2016-08-22,248080.29725755006
2016-08-23,283118.20666765014
2016-08-24,280760.88638870994
2016-08-25,243924.27030648006
2016-08-26,214451.96758149
2016-08-27,169458.64197691003
2016-08-28,143429.8983916
2016-08-29,250987.8491114401
2016-08-30,276056.87016930006
2016-08-31,278200.04156596004
2016-09-01,283983.1940669098
2016-09-02,231019.71668062004
2016-09-03,175375.50824517006
2016-09-04,185085.97558461007
2016-09-05,218403.86415442004
2016-09-06,224855.21839147992
2016-09-07,231650.64106887009
2016-09-08,245006.01888460008
2016-09-09,251921.35611649
2016-09-10,157018.80602628985
2016-09-11,163733.6718272901
2016-09-12,214931.75287208
2016-09-13,243086.31533727
2016-09-14,219075.96933003995
2016-09-15,201325.56684135995
2016-09-16,194753.2225665001
2016-09-17,152553.93536841
2016-09-18,165788.73803041008
2016-09-19,221106.54281164985
2016-09-20,248486.79149036997
2016-09-21,222276.04530439992
2016-09-22,198503.36112075998
2016-09-23,238545.82107434995
2016-09-24,174209.28820170002
2016-09-25,258327.42639862
2016-09-26,249096.67554250988
2016-09-27,250990.72713560992
2016-09-28,248972.3036632401
2016-09-29,254451.07289179997
2016-09-30,250909.16857378985
2016-10-01,168997.84122759002
2016-10-02,161729.50581353
2016-10-03,262281.79956737004
2016-10-04,275755.26830922003
2016-10-05,243263.0878851901
2016-10-06,240794.15469559
2016-10-07,238975.47568189006
2016-10-08,213666.13838028998
2016-10-09,192461.47443024997
2016-10-10,251390.16677791986
2016-10-11,304140.4120882801
2016-10-12,316854.64145587996
2016-10-13,259949.2302954901
2016-10-14,226850.2609561701
2016-10-15,202679.11780487007
2016-10-16,183192.39328957995
2016-10-17,254761.9732803201
2016-10-18,339498.1628113999
2016-10-19,263446.5631734801
2016-10-20,290684.8813526999
2016-10-21,249142.2895880299
2016-10-22,192181.5734496601
2016-10-23,156277.48983479003
2016-10-24,249152.71863225984
2016-10-25,271794.07259416
2016-10-26,298567.72812149004
2016-10-27,377473.48984935996
2016-10-28,254976.95542249997
2016-10-29,233724.65775296994
2016-10-30,188129.56231953006
2016-10-31,294128.47768599
2016-11-01,287696.45765772014
2016-11-02,226415.0960999999
2016-11-03,357010.9220868999
2016-11-04,280307.0576286799
2016-11-05,250228.03662301984
2016-11-06,196199.63727019992
2016-11-07,243718.20950667994
2016-11-08,294404.7471088201
2016-11-09,344300.8940460799
2016-11-10,262443.6135009301
2016-11-11,213426.02243536987
2016-11-12,169726.1923975
2016-11-13,180853.76789179
2016-11-14,238427.33527008997
2016-11-15,267596.0695996201
2016-11-16,371361.6228585197
2016-11-17,339167.2386977898
2016-11-18,262067.15188716992
2016-11-19,201492.26302847997
2016-11-20,174430.87213803997
2016-11-21,264201.4527209999
2016-11-22,298362.35515531996
2016-11-23,275522.25039345
2016-11-24,353626.1126756001
2016-11-25,262228.3074290501
2016-11-26,252999.66620198992
2016-11-27,179648.58651782994
2016-11-28,271509.89859792986
2016-11-29,321420.60324854974
2016-11-30,276016.41762464005
2016-12-01,259387.11483978992
2016-12-02,296810.6870571702
2016-12-03,202377.73332951
2016-12-04,131451.42837108
2016-12-05,260263.93981929997
2016-12-06,281168.4871617899
2016-12-07,294653.89147888985
2016-12-08,283650.69107639
2016-12-09,261162.7961576601
2016-12-10,193275.66787871005
2016-12-11,163142.6510431799
2016-12-12,274818.5725295699
2016-12-13,256895.58980853
2016-12-14,265743.63781557
2016-12-15,285532.10428843996
2016-12-16,307291.6342884601
2016-12-17,233368.72790596003
2016-12-18,197173.82749097003
2016-12-19,296828.9002084602
2016-12-20,308362.60757091007
2016-12-21,388618.76777929015
2016-12-22,384847.0836606398
2016-12-23,431035.3192955401
2016-12-24,223986.76289367987
2016-12-25,238850.35459137996
2016-12-26,270013.07915095
2016-12-27,345270.85375765
2016-12-28,334220.0497130101
2016-12-29,319522.21513793
2016-12-30,331471.4232282199
2016-12-31,215512.42846351003
2017-01-01,170022.21641909005
2017-01-02,277554.2098532901
2017-01-03,329964.39351795986
2017-01-04,390221.58349255
2017-01-05,526684.33943923
2017-01-06,483798.94337235007
2017-01-07,354459.0286872802
2017-01-08,230638.88390194988
2017-01-09,297521.31141366996
2017-01-10,311898.39337534993
2017-01-11,495840.25634962984
2017-01-12,409809.6690203298
2017-01-13,316973.07990816986
2017-01-14,189694.96064710006
2017-01-15,193769.2485451801
2017-01-16,249414.31017657992
2017-01-17,323187.1166802
2017-01-18,299110.00284351
2017-01-19,260588.21802822006
2017-01-20,256692.90188915993
2017-01-21,222988.68574329995
2017-01-22,229821.85079932
2017-01-23,218778.80693597015
2017-01-24,263431.86998188996
2017-01-25,306084.5746134001
2017-01-26,263946.97717355005
2017-01-27,188459.94044311004
2017-01-28,120787.04258110996
2017-01-29,143425.20631994004
2017-01-30,161279.90591364002
2017-01-31,227771.61979507
2017-02-01,271145.3447594301
2017-02-02,206551.92554844992
2017-02-03,264280.11267604004
2017-02-04,314635.09254453005
2017-02-05,187004.44446692
2017-02-06,213855.38526736
2017-02-07,252326.7891087599
2017-02-08,256176.10035691
2017-02-09,362368.0521133799
2017-02-10,343642.82616556983
2017-02-11,162125.91361093993
2017-02-12,118880.03982762001
2017-02-13,193640.68463432003
2017-02-14,227168.88374706008
2017-02-15,199854.02097992005
2017-02-16,210833.0697060101
2017-02-17,259513.03488817
2017-02-18,168224.65467576997
2017-02-19,162299.8912049
2017-02-20,177737.95528137995
2017-02-21,211907.88037713998
2017-02-22,199013.50596876992
2017-02-23,278550.2279949301
2017-02-24,344793.02658376016
2017-02-25,198406.55252016
2017-02-26,168919.19282460012
2017-02-27,221116.89378022993
2017-02-28,214370.21734413996
2017-03-01,234425.17026873998
2017-03-02,345021.2079476501
2017-03-03,330581.43064597
2017-03-04,219346.75398477007
2017-03-05,172858.20186682
2017-03-06,228758.88887803993
2017-03-07,269327.67672900023
2017-03-08,260435.17886991
2017-03-09,221691.7612012001
2017-03-10,274668.6467541098
2017-03-11,208984.53651967013
2017-03-12,174427.09894039007
2017-03-13,247252.04938694998
2017-03-14,273550.0740581699
2017-03-15,255049.7728582001
2017-03-16,423293.5077535897
2017-03-17,476895.8381050299
2017-03-18,380629.7881380898
2017-03-19,273809.8881215001
2017-03-20,290510.5249526799
2017-03-21,302496.8581648798
2017-03-22,476281.9335198196
2017-03-23,301915.09373221017
2017-03-24,420627.1495177
2017-03-25,331578.1227706
2017-03-26,237293.77609116994
2017-03-27,303796.69769049
2017-03-28,409096.0639688199
2017-03-29,257967.03423884002
2017-03-30,325048.83020473993
2017-03-31,423794.82037002
2017-04-01,252602.18715337996
2017-04-02,252573.88295538997
2017-04-03,309041.24788389
2017-04-04,299821.1517894499
2017-04-05,322587.26112205005
2017-04-06,310928.71300604014
2017-04-07,324783.4894237298
2017-04-08,165045.77107404004
2017-04-09,182076.11124802995
2017-04-10,246070.89160393
2017-04-11,287518.6247886899
2017-04-12,263669.0999078101
2017-04-13,248404.68272295
2017-04-14,296751.88904412976
2017-04-15,238579.0463142002
2017-04-16,205031.1266960299
2017-04-17,282897.44959563
2017-04-18,282978.3615780599
2017-04-19,250893.42365191004
2017-04-20,308144.2254247498
2017-04-21,259347.8557141701
2017-04-22,176541.94408055994
2017-04-23,159473.77433973004
2017-04-24,234246.17836585004
2017-04-25,316463.2708550601
2017-04-26,286080.0626538801
2017-04-27,299790.68872916
2017-04-28,317159.2183555097
2017-04-29,268392.27107410005
2017-04-30,202670.66850295002
2017-05-01,312196.23083798983
2017-05-02,316525.2120617002
2017-05-03,338412.4360654402
2017-05-04,397991.6108684402
2017-05-05,373364.4060969401
2017-05-06,303559.11870245007
2017-05-07,276993.75885732
2017-05-08,438151.01403153024
2017-05-09,442341.02894682006
2017-05-10,454305.44335443986
2017-05-11,364410.7634271102
2017-05-12,343919.5428719198
2017-05-13,261394.8713361999
2017-05-14,246099.9083012599
2017-05-15,417587.6551826599
2017-05-16,336764.57577088004
2017-05-17,518560.40861632023
2017-05-18,372410.7353213402
2017-05-19,447621.83419890987
2017-05-20,340624.79222757986
2017-05-21,266554.69422870997
2017-05-22,425013.92921845
2017-05-23,448744.85299926024
2017-05-24,450541.37638857984
2017-05-25,506576.47791631
2017-05-26,427853.65763293015
2017-05-27,328998.42595010984
2017-05-28,236729.17066887004
2017-05-29,252272.09723391008
2017-05-30,399669.5809184197
2017-05-31,373509.98690076
2017-06-01,394084.6751787799
2017-06-02,296956.94054564973
2017-06-03,324123.9808680601
2017-06-04,249413.35979832025
2017-06-05,295172.7058617402
2017-06-06,307402.77109944005
2017-06-07,331375.38349025993
2017-06-08,316533.29363629996
2017-06-09,240141.37976078
2017-06-10,260705.35702178004
2017-06-11,221919.00747566015
2017-06-12,328730.70037221996
2017-06-13,324744.4445418499
2017-06-14,364726.28341107996
2017-06-15,299371.0140450399
2017-06-16,253325.07100154005
2017-06-17,201087.12132022006
2017-06-18,208500.29865901993
2017-06-19,283862.01226910995
2017-06-20,293174.63316710014
2017-06-21,326779.5104744299
2017-06-22,253845.7660937299
2017-06-23,204918.9253491301
2017-06-24,160292.30208350995
2017-06-25,202855.97048157005
2017-06-26,308691.0726456599
2017-06-27,311292.72855234006
2017-06-28,279697.55591561005
2017-06-29,239702.98533171002
2017-06-30,316292.6284716002
2017-07-01,219800.00976206997
2017-07-02,188590.97610916
2017-07-03,232652.8030841999
2017-07-04,218824.71327885005
2017-07-05,278939.2863615099
2017-07-06,206326.43151146
2017-07-07,287325.35650683986
2017-07-08,218043.17962244025
2017-07-09,256245.3742370001
2017-07-10,290340.44612290995
2017-07-11,274884.66552627995
2017-07-12,238240.26823744006
2017-07-13,188415.37831088997
2017-07-14,222073.27749605005
2017-07-15,217740.56141369007
2017-07-16,238872.79112139993
2017-07-17,261954.17112031006
2017-07-18,267137.0979513799
2017-07-19,258217.49167811015
2017-07-20,260620.10265072
2017-07-21,253053.57998798008
2017-07-22,177447.78049873008
2017-07-23,155550.21819621994
2017-07-24,200745.0315273899
2017-07-25,296056.23190559004
2017-07-26,271020.03428842
2017-07-27,312691.77266599005
2017-07-28,477537.0304320899
2017-07-29,341085.5299327301
2017-07-30,408316.71911196003
2017-07-31,618414.99003852
2017-08-01,505161.3212758904
2017-08-02,524484.3529554498
2017-08-03,347500.1500661601
2017-08-04,416334.9214362702
2017-08-05,305693.18522791984
2017-08-06,321040.5569019298
2017-08-07,406656.6175130499
2017-08-08,360275.3348253604
2017-08-09,259991.3628343801
2017-08-10,281254.30230846
2017-08-11,272963.7744430499
2017-08-12,225972.98654354998
2017-08-13,224562.88412238
2017-08-14,203972.3451471499
2017-08-15,286004.19119450985
2017-08-16,225303.95287486998
2017-08-17,304554.25517203996
2017-08-18,275331.80887693
2017-08-19,313472.69392997987
2017-08-20,181583.87597231005
2017-08-21,202649.23936119003
2017-08-22,215933.01456173006
2017-08-23,253757.86221134002
2017-08-24,174190.87368310004
2017-08-25,175375.84051830994
2017-08-26,159815.19296580006
2017-08-27,179468.16791115995
2017-08-28,210661.02871160005
2017-08-29,248443.81227568997
2017-08-30,219995.30221876004
2017-08-31,251079.61705344007
2017-09-01,250015.72065525
2017-09-02,200475.91684273008
2017-09-03,171234.72742958
2017-09-04,327474.10651346
2017-09-05,312706.91971194
2017-09-06,290191.5556402102
2017-09-07,271002.52448286
2017-09-08,237606.1057972
2017-09-09,177865.07807324998
2017-09-10,202190.24353681007
2017-09-11,199829.21737277988
2017-09-12,214844.90570682014
2017-09-13,253233.2058818701
2017-09-14,268015.0932509499
2017-09-15,398314.83519919997
2017-09-16,200156.99323124994
2017-09-17,152686.24196026
2017-09-18,204865.32804505
2017-09-19,217573.2679422899
2017-09-20,185140.23704425
2017-09-21,188302.13751505985
2017-09-22,198889.92837967
2017-09-23,131990.54339702002
2017-09-24,97112.70530596003
2017-09-25,257132.18201588
2017-09-26,197991.63520779
2017-09-27,171774.68540902995
2017-09-28,200215.26199905
2017-09-29,173950.30273958988
2017-09-30,152977.6778886
2017-10-01,114609.74281977004
2017-10-02,193317.8049627301
2017-10-03,161042.77865505998
2017-10-04,139982.09806676
2017-10-05,187702.46646302
2017-10-06,173642.93742905007
2017-10-07,126440.90615085003
2017-10-08,146926.16652953994
2017-10-09,234154.7057100201
2017-10-10,245520.3226517701
2017-10-11,173808.05965198993
2017-10-12,207938.59265468008
2017-10-13,279499.9930782702
2017-10-14,178337.01277419995
2017-10-15,153804.23219249997
2017-10-16,201231.38016053
2017-10-17,198287.46999735
2017-10-18,251680.67712717995
2017-10-19,252888.26382780986
2017-10-20,187097.57800227997
2017-10-21,154383.959911
2017-10-22,168281.94952755008
2017-10-23,407836.91191003006
2017-10-24,381933.9578493299
2017-10-25,376845.26704581984
2017-10-26,334373.0128108099
2017-10-27,165001.26674609998
2017-10-28,111675.11575107995
2017-10-29,212275.09596066
2017-10-30,275383.1152717001
2017-10-31,248790.18861326005
2017-11-01,291006.24067249004
2017-11-02,338534.06749591
2017-11-03,232314.53795783996
2017-11-04,191510.11186110997
2017-11-05,177541.60764676004
2017-11-06,224420.6519617298
2017-11-07,257469.89311157
2017-11-08,254741.36418173992
2017-11-09,316706.97361926
2017-11-10,289374.03313920007
2017-11-11,211248.95481320008
2017-11-12,322635.53941077006
2017-11-13,322934.81181397
2017-11-14,276286.80002385005
2017-11-15,318338.9761774201
2017-11-16,327989.00861164
2017-11-17,359965.88191170973
2017-11-18,252116.80765918008
2017-11-19,200985.61862563004
2017-11-20,322099.0996330001
2017-11-21,315915.06541834987
2017-11-22,242283.71243757993
2017-11-23,300881.44220357994
2017-11-24,325955.99801712995
2017-11-25,271882.5306107001
2017-11-26,243755.73194704004
2017-11-27,350859.7885805701
2017-11-28,326340.62860210997
2017-11-29,401108.2287316499
2017-11-30,342628.70852193004
2017-12-01,245840.52546046014
2017-12-02,179252.28106203995
2017-12-03,184515.09748537993
2017-12-04,224307.09735718995
2017-12-05,224375.11687978014
2017-12-06,272931.80170098
2017-12-07,346473.09851079015
2017-12-08,299420.89454376994
2017-12-09,256595.99793969002
2017-12-10,239736.73271023005
2017-12-11,254604.72136413993
2017-12-12,332963.9297226501
2017-12-13,276929.73606943997
2017-12-14,214876.27928337993
2017-12-15,236752.7053402699
2017-12-16,183550.3180228999
2017-12-17,262393.1498861801
2017-12-18,256600.04615850022
2017-12-19,212339.88483771004
2017-12-20,321154.02790443966
2017-12-21,227514.0234675301
2017-12-22,290545.8444431098
2017-12-23,160329.47672834998
2017-12-24,182444.82404182997
2017-12-25,178109.58939641
2017-12-26,198036.56533282992
2017-12-27,300866.20768315985
2017-12-28,251338.2265832499
2017-12-29,251276.35101048008
2017-12-30,298187.9815421
2017-12-31,234407.00807461998
2018-01-01,184708.80085203
2018-01-02,234897.45542103
2018-01-03,189220.81716424998
2018-01-04,266342.65559783997
2018-01-05,300294.04655297985
2018-01-06,226946.75508882996
2018-01-07,293892.90278541984
2018-01-08,264377.8685762999
2018-01-09,257497.34816466013
2018-01-10,259456.14575009997
2018-01-11,270477.17656869
2018-01-12,241168.09607455003
2018-01-13,180340.85449478994
2018-01-14,193222.63825295007
2018-01-15,201537.60587604003
2018-01-16,269866.0372363299
2018-01-17,251821.8706873401
2018-01-18,238302.0757786801
2018-01-19,218664.46728337006
2018-01-20,207814.13059295993
2018-01-21,153924.63802619002
2018-01-22,198934.35551209
2018-01-23,179604.04571915
2018-01-24,186572.64426425993
2018-01-25,191061.31993294007
2018-01-26,257890.66416312996
2018-01-27,121775.72930172
2018-01-28,163921.68382236012
2018-01-29,160142.61092054
2018-01-30,172611.59401603005
2018-01-31,159259.69272393
2018-02-01,276688.54865267995
2018-02-02,330403.3982390301
2018-02-03,164454.56914417987
2018-02-04,193196.05763289
2018-02-05,258100.71729143994
2018-02-06,286487.4135019301
2018-02-07,208440.48387418993
2018-02-08,215659.56122285005
2018-02-09,198992.9143352
2018-02-10,115887.23286686996
2018-02-11,85653.13642391
2018-02-12,181648.80600207997
2018-02-13,146551.40149346
2018-02-14,147764.41784230003
2018-02-15,130818.13449524993
2018-02-16,107325.16383757998
2018-02-17,80770.37959020004
2018-02-18,80143.56256749996
2018-02-19,103568.35523856
2018-02-20,130415.49076535003
2018-02-21,146710.80550646991
2018-02-22,252147.1657871
2018-02-23,175747.96816161994
2018-02-24,167552.30318227987
2018-02-25,76315.65121709
2018-02-26,107674.95776048004
2018-02-27,138720.6212214
2018-02-28,201812.68870747995
2018-03-01,184547.53532569
2018-03-02,119687.08735567993
2018-03-03,91262.20061975002
2018-03-04,92210.80671592001
2018-03-05,137001.59366937992
2018-03-06,118834.33391022003
2018-03-07,155869.84764539
2018-03-08,142821.21679311994
2018-03-09,210098.2648824801
2018-03-10,108638.36763952996
2018-03-11,103982.4533558099
2018-03-12,118773.86223587
2018-03-13,155170.04916348
2018-03-14,152387.30608099003
2018-03-15,147874.93106266996
2018-03-16,115702.69897188999
2018-03-17,87848.54557225005
2018-03-18,107301.65224788996
2018-03-19,133670.61861779002
2018-03-20,114860.99823958008
2018-03-21,116070.54577166005
2018-03-22,112529.41318317
2018-03-23,111014.33773723002
2018-03-24,69650.54599482
2018-03-25,106118.73393956
2018-03-26,124492.28449642002
2018-03-27,119147.13638431008
2018-03-28,107328.64033208
2018-03-29,147307.00302748985
2018-03-30,177493.47173314003
2018-03-31,79210.72819373997
2018-04-01,87357.62732734992
2018-04-02,109383.73879096005
2018-04-03,133699.35429281995
2018-04-04,110300.86475372006
2018-04-05,112346.98191523997
2018-04-06,108270.05874675993
2018-04-07,94295.77232564993
2018-04-08,78067.31726994993
2018-04-09,114325.73605195999
2018-04-10,119741.07928969004
2018-04-11,136957.06309496
2018-04-12,181458.76463695994
2018-04-13,144030.6693370499
2018-04-14,64600.04545271998
2018-04-15,67762.67088922001
2018-04-16,108905.08533159993
2018-04-17,115219.45332694994
2018-04-18,102621.08194434
2018-04-19,166945.3113747701
2018-04-20,131056.82165629002
2018-04-21,110332.07506137999
2018-04-22,75345.70079919999
2018-04-23,131182.39789424
2018-04-24,188011.22300178005
2018-04-25,182655.03292802
2018-04-26,153792.38720519995
2018-04-27,139300.09459758995
2018-04-28,178583.77552915004
2018-04-29,107692.45914876
2018-04-30,112166.89792394
2018-05-01,95035.06695032008
2018-05-02,148595.9992087
2018-05-03,137763.78763309005
2018-05-04,145469.01820371003
2018-05-05,104292.95839823002
2018-05-06,102432.22537197002
2018-05-07,138322.89522518998
2018-05-08,140652.38155568996
2018-05-09,130943.39882102
2018-05-10,145849.24630775
2018-05-11,151946.98625470998
2018-05-12,108111.93173898998
2018-05-13,72578.91021314001
2018-05-14,217434.02770214
2018-05-15,127172.95847254002
2018-05-16,163527.82658485987
2018-05-17,236892.59786642005
2018-05-18,216438.6027518199
2018-05-19,69324.41988528
2018-05-20,60367.81352075003
2018-05-21,94039.43332870009
2018-05-22,110027.25861455999
2018-05-23,136275.25994929005
2018-05-24,131750.23372828998
2018-05-25,105978.27613053
2018-05-26,57653.74054864999
2018-05-27,54925.33955250002
2018-05-28,141754.10217818004
2018-05-29,123332.81745335997
2018-05-30,122627.82745502997
2018-05-31,110186.29752128002
2018-06-01,115666.84043544998
2018-06-02,68317.70345760998
2018-06-03,63017.235894599966
2018-06-04,104591.24070948013
2018-06-05,101671.32717546997
2018-06-06,102467.7961336
2018-06-07,104718.01942888004
2018-06-08,107350.21209428996
2018-06-09,67113.91062258
2018-06-10,94056.65819642003
2018-06-11,138982.79963530996
2018-06-12,124830.38843958004
2018-06-13,159628.08555203996
2018-06-14,128075.72376338998
2018-06-15,121152.29944360006
2018-06-16,61661.937122799965
2018-06-17,66006.70410529997
2018-06-18,102481.51644308999
2018-06-19,106572.96338968999
2018-06-20,94763.72239290996
2018-06-21,106823.39046919002
2018-06-22,139483.12326834997
2018-06-23,70682.83799468997
2018-06-24,94135.29650332997
2018-06-25,110169.18298917
2018-06-26,97612.95568777004
2018-06-27,129434.90245127001
2018-06-28,114940.15125507
2018-06-29,110549.91244543997
2018-06-30,83212.9946652
2018-07-01,156127.10067543003
2018-07-02,112540.68157986994
2018-07-03,131412.37480645996
2018-07-04,100760.97231092997
2018-07-05,99534.99431443
2018-07-06,123254.95401373995
2018-07-07,54767.501978889995
2018-07-08,83906.01699281002
2018-07-09,95363.68964081006
2018-07-10,126959.87650000001
2018-07-11,110880.65449968996
2018-07-12,106998.35228490001
2018-07-13,104623.62455191006
2018-07-14,54515.131736350006
2018-07-15,56096.827872500005
2018-07-16,114199.09731898
2018-07-17,119581.05621108004
2018-07-18,144077.76888646994
2018-07-19,134854.22780968004
2018-07-20,109418.47268352003
2018-07-21,71638.04215756996
2018-07-22,52289.29145012002
2018-07-23,121648.91606548998
2018-07-24,142899.02749674002
2018-07-25,126373.89830643
2018-07-26,101474.76007480998
2018-07-27,109956.30055022993
2018-07-28,62204.87157510998
2018-07-29,88651.45060166
2018-07-30,106496.91230111996
2018-07-31,116273.1074321
2018-08-01,95258.36094926
2018-08-02,136746.96875092993
2018-08-03,125518.83242463002
2018-08-04,66357.97642318999
2018-08-05,54527.766791930044
2018-08-06,114061.58155863005
2018-08-07,95004.49990669999
2018-08-08,123048.34147459004
2018-08-09,148681.61978418997
2018-08-10,119142.31277459998
2018-08-11,81733.13398100004
2018-08-12,53154.79896653999
2018-08-13,132317.972743
2018-08-14,175250.14703874
2018-08-15,139171.90985618997
2018-08-16,109142.62955004997
2018-08-17,121942.73673377006
2018-08-18,58827.03874282002
2018-08-19,43210.65022037999
2018-08-20,97596.41876185003
2018-08-21,137278.99087725006
2018-08-22,154930.84055955996
2018-08-23,138399.46211544002
2018-08-24,103014.38779966997
2018-08-25,77513.06733112001
2018-08-26,57753.20155849
2018-08-27,117749.76069194009
2018-08-28,140859.22891446998
