time,price
2013-01-01,13.3
2013-01-02,13.3
2013-01-03,13.4
2013-01-04,13.5
2013-01-05,13.4
2013-01-06,13.4
2013-01-07,13.6
2013-01-08,13.7
2013-01-09,13.8
2013-01-10,14.1
2013-01-11,14.1
2013-01-12,14.2
2013-01-13,14.1
2013-01-14,14.3
2013-01-15,14.3
2013-01-16,14.7
2013-01-17,15.5
2013-01-18,15.7
2013-01-19,15.6
2013-01-20,15.7
2013-01-21,16.8
2013-01-22,17.3
2013-01-23,17.5
2013-01-24,16.9
2013-01-25,17.4
2013-01-26,17.9
2013-01-27,17.8
2013-01-28,18.7
2013-01-29,19.5
2013-01-30,19.7
2013-01-31,20.4
2013-02-01,20.5
2013-02-02,19.6
2013-02-03,20.6
2013-02-04,20.4
2013-02-05,20.6
2013-02-06,21.2
2013-02-07,22.1
2013-02-08,22.7
2013-02-09,23.6
2013-02-10,24.0
2013-02-11,24.6
2013-02-12,25.2
2013-02-13,24.2
2013-02-14,27.2
2013-02-15,27.1
2013-02-16,27.2
2013-02-17,26.8
2013-02-18,27.0
2013-02-19,29.4
2013-02-20,29.6
2013-02-21,29.8
2013-02-22,30.3
2013-02-23,29.8
2013-02-24,29.9
2013-02-25,30.4
2013-02-26,31.1
2013-02-27,30.9
2013-02-28,33.4
2013-03-01,34.5
2013-03-02,34.3
2013-03-03,34.5
2013-03-04,36.2
2013-03-05,40.3
2013-03-06,41.0
2013-03-07,42.0
2013-03-08,44.2
2013-03-09,46.8
2013-03-10,46.0
2013-03-11,48.4
2013-03-12,44.3
2013-03-13,46.9
2013-03-14,47.2
2013-03-15,47.0
2013-03-16,47.0
2013-03-17,47.4
2013-03-18,51.6
2013-03-19,59.1
2013-03-20,64.5
2013-03-21,70.8
2013-03-22,69.9
2013-03-23,64.3
2013-03-24,71.5
2013-03-25,73.6
2013-03-26,78.5
2013-03-27,88.9
2013-03-28,86.2
2013-03-29,90.5
2013-03-30,92.2
2013-03-31,93.0
2013-04-01,104.0
2013-04-02,118.0
2013-04-03,135.0
2013-04-04,132.1
2013-04-05,142.3
2013-04-06,142.6
2013-04-07,162.3
2013-04-08,187.5
2013-04-09,230.0
2013-04-10,165.0
2013-04-11,124.9
2013-04-12,117.0
2013-04-13,93.0
2013-04-14,90.0
2013-04-15,82.4
2013-04-16,68.4
2013-04-17,93.1
2013-04-18,109.0
2013-04-19,118.5
2013-04-20,126.6
2013-04-21,119.2
2013-04-22,127.4
2013-04-23,143.5
2013-04-24,154.2
2013-04-25,141.7
2013-04-26,136.9
2013-04-27,128.0
2013-04-28,134.4
2013-04-29,144.0
2013-04-30,139.2
2013-05-01,116.4
2013-05-02,106.3
2013-05-03,98.1
2013-05-04,112.9
2013-05-05,116.0
2013-05-06,112.3
2013-05-07,109.6
2013-05-08,113.2
2013-05-09,112.8
2013-05-10,117.7
2013-05-11,115.6
2013-05-12,114.8
2013-05-13,118.0
2013-05-14,111.4
2013-05-15,114.2
2013-05-16,118.2
2013-05-17,123.5
2013-05-18,123.2
2013-05-19,122.5
2013-05-20,122.0
2013-05-21,122.9
2013-05-22,123.8
2013-05-23,126.3
2013-05-24,133.1
2013-05-25,132.0
2013-05-26,133.5
2013-05-27,129.8
2013-05-28,129.0
2013-05-29,132.3
2013-05-30,128.8
2013-05-31,128.8
2013-06-01,129.3
2013-06-02,122.5
2013-06-03,120.7
2013-06-04,121.4
2013-06-05,121.9
2013-06-06,119.0
2013-06-07,111.0
2013-06-08,107.9
2013-06-09,100.4
2013-06-10,106.3
2013-06-11,109.0
2013-06-12,108.8
2013-06-13,103.9
2013-06-14,100.0
2013-06-15,99.8
2013-06-16,99.9
2013-06-17,101.9
2013-06-18,107.3
2013-06-19,108.3
2013-06-20,111.3
2013-06-21,109.5
2013-06-22,108.2
2013-06-23,107.9
2013-06-24,102.1
2013-06-25,103.3
2013-06-26,104.0
2013-06-27,101.7
2013-06-28,94.7
2013-06-29,95.0
2013-06-30,97.5
2013-07-01,84.6
2013-07-02,87.7
2013-07-03,76.9
2013-07-04,77.7
2013-07-05,66.3
2013-07-06,66.8
2013-07-07,72.5
2013-07-08,74.6
2013-07-09,74.2
2013-07-10,84.5
2013-07-11,91.2
2013-07-12,88.5
2013-07-13,91.4
2013-07-14,90.4
2013-07-15,93.1
2013-07-16,92.7
2013-07-17,90.5
2013-07-18,85.4
2013-07-19,85.8
2013-07-20,85.7
2013-07-21,85.5
2013-07-22,86.1
2013-07-23,86.9
2013-07-24,87.5
2013-07-25,89.4
2013-07-26,90.6
2013-07-27,89.1
2013-07-28,92.1
2013-07-29,93.3
2013-07-30,96.3
2013-07-31,97.9
2013-08-01,96.4
2013-08-02,97.2
2013-08-03,96.7
2013-08-04,96.6
2013-08-05,96.9
2013-08-06,97.1
2013-08-07,96.9
2013-08-08,94.8
2013-08-09,93.4
2013-08-10,93.3
2013-08-11,94.2
2013-08-12,95.1
2013-08-13,97.9
2013-08-14,98.0
2013-08-15,97.5
2013-08-16,98.3
2013-08-17,99.6
2013-08-18,98.8
2013-08-19,102.3
2013-08-20,105.0
2013-08-21,111.4
2013-08-22,109.7
2013-08-23,107.6
2013-08-24,108.7
2013-08-25,111.8
2013-08-26,112.2
2013-08-27,117.4
2013-08-28,117.6
2013-08-29,117.5
2013-08-30,123.2
2013-08-31,129.5
2013-09-01,128.3
2013-09-02,127.4
2013-09-03,127.6
2013-09-04,120.6
2013-09-05,120.5
2013-09-06,116.3
2013-09-07,119.1
2013-09-08,116.6
2013-09-09,120.0
2013-09-10,121.5
2013-09-11,125.4
2013-09-12,125.8
2013-09-13,126.5
2013-09-14,124.1
2013-09-15,124.6
2013-09-16,125.1
2013-09-17,126.0
2013-09-18,126.3
2013-09-19,124.2
2013-09-20,122.9
2013-09-21,122.6
2013-09-22,122.7
2013-09-23,122.2
2013-09-24,122.5
2013-09-25,123.4
2013-09-26,123.5
2013-09-27,123.5
2013-09-28,124.8
2013-09-29,125.2
2013-09-30,123.1
2013-10-01,125.5
2013-10-02,99.8
2013-10-03,116.8
2013-10-04,121.3
2013-10-05,121.1
2013-10-06,121.7
2013-10-07,123.2
2013-10-08,124.3
2013-10-09,125.8
2013-10-10,125.7
2013-10-11,125.5
2013-10-12,126.5
2013-10-13,130.4
2013-10-14,133.0
2013-10-15,138.6
2013-10-16,137.4
2013-10-17,142.7
2013-10-18,149.6
2013-10-19,159.8
2013-10-20,163.1
2013-10-21,174.2
2013-10-22,183.9
2013-10-23,200.6
2013-10-24,183.1
2013-10-25,178.1
2013-10-26,175.9
2013-10-27,185.7
2013-10-28,187.9
2013-10-29,198.2
2013-10-30,194.6
2013-10-31,198.2
2013-11-01,198.5
2013-11-02,200.9
2013-11-03,207.6
2013-11-04,225.2
2013-11-05,239.3
2013-11-06,253.7
2013-11-07,283.3
2013-11-08,323.8
2013-11-09,336.1
2013-11-10,311.9
2013-11-11,338.6
2013-11-12,350.2
2013-11-13,387.7
2013-11-14,418.0
2013-11-15,400.0
2013-11-16,435.3
2013-11-17,473.3
2013-11-18,585.2
2013-11-19,599.0
2013-11-20,550.0
2013-11-21,700.0
2013-11-22,760.0
2013-11-23,842.2
2013-11-24,813.7
2013-11-25,782.8
2013-11-26,849.6
2013-11-27,948.0
2013-11-28,1010.0
2013-11-29,1107.5
2013-11-30,1112.4
2013-12-01,955.0
2013-12-02,998.1
2013-12-03,1048.0
2013-12-04,1145.0
2013-12-05,1030.6
2013-12-06,872.6
2013-12-07,800.6
2013-12-08,730.0
2013-12-09,935.8
2013-12-10,1023.0
2013-12-11,921.8
2013-12-12,900.5
2013-12-13,912.6
2013-12-14,897.9
2013-12-15,864.9
2013-12-16,704.8
2013-12-17,731.9
2013-12-18,551.4
2013-12-19,702.0
2013-12-20,599.0
2013-12-21,607.7
2013-12-22,622.1
2013-12-23,640.4
2013-12-24,647.3
2013-12-26,740.0
2013-12-27,718.9
2013-12-28,701.0
2013-12-29,714.3
2013-12-30,737.2
2013-12-31,727.7
2014-01-01,740.3
2014-01-02,775.0
2014-01-03,812.1
2014-01-04,801.8
2014-01-05,904.0
2014-01-06,934.5
2014-01-07,791.0
2014-01-08,828.5
2014-01-09,850.0
2014-01-10,834.7
2014-01-11,896.9
2014-01-12,888.1
2014-01-13,818.4
2014-01-14,826.9
2014-01-15,839.7
2014-01-16,824.0
2014-01-17,789.0
2014-01-18,800.0
2014-01-19,830.0
2014-01-20,823.4
2014-01-21,810.0
2014-01-22,807.0
2014-01-23,816.2
2014-01-24,781.9
2014-01-25,810.0
2014-01-26,809.7
2014-01-27,760.3
2014-01-28,795.0
2014-01-29,800.0
2014-01-30,803.9
2014-01-31,800.0
2014-02-01,814.6
2014-02-03,810.0
2014-02-04,813.0
2014-02-05,791.0
2014-02-06,771.6
2014-02-07,720.0
2014-02-08,690.0
2014-02-09,710.0
2014-02-10,706.3
2014-02-11,658.9
2014-02-12,685.0
2014-02-13,634.3
2014-02-14,682.0
2014-02-15,653.4
2014-02-16,608.0
2014-02-17,663.8
2014-02-18,628.0
2014-02-19,630.4
2014-02-20,578.9
2014-02-21,568.0
2014-02-22,595.2
2014-02-23,619.0
2014-02-24,562.4
2014-02-25,515.0
2014-02-26,582.0
2014-02-27,579.0
2014-02-28,565.0
2014-03-01,568.2
2014-03-02,560.6
2014-03-03,658.0
2014-03-04,668.0
2014-03-05,675.0
2014-03-06,663.0
2014-03-07,621.0
2014-03-08,614.1
2014-03-09,621.0
2014-03-10,615.0
2014-03-11,615.0
2014-03-12,650.0
2014-03-13,642.0
2014-03-14,630.0
2014-03-15,641.6
2014-03-16,635.0
2014-03-17,624.3
2014-03-18,618.4
2014-03-19,611.0
2014-03-20,583.5
2014-03-21,568.8
2014-03-22,560.0
2014-03-23,566.2
2014-03-24,590.0
2014-03-25,582.0
2014-03-26,595.0
2014-03-27,498.5
2014-03-28,497.4
2014-03-29,491.9
2014-03-30,464.1
2014-03-31,452.0
2014-04-01,482.8
2014-04-02,443.3
2014-04-03,448.8
2014-04-04,450.0
2014-04-05,460.8
2014-04-06,453.7
2014-04-07,454.2
2014-04-08,448.8
2014-04-09,442.5
2014-04-10,370.0
2014-04-11,416.3
2014-04-12,415.0
2014-04-13,404.2
2014-04-14,459.0
2014-04-15,515.0
2014-04-16,522.3
2014-04-17,500.7
2014-04-18,490.5
2014-04-19,505.0
2014-04-20,512.5
2014-04-21,497.0
2014-04-22,488.0
2014-04-23,490.2
2014-04-24,497.5
2014-04-25,460.0
2014-04-26,459.0
2014-04-27,441.5
2014-04-28,448.0
2014-04-29,434.0
2014-04-30,448.3
2014-05-01,459.0
2014-05-02,453.5
2014-05-03,440.5
2014-05-04,430.9
2014-05-05,427.0
2014-05-06,430.0
2014-05-07,438.0
2014-05-08,442.8
2014-05-09,446.0
2014-05-10,451.1
2014-05-11,432.0
2014-05-12,440.0
2014-05-13,437.3
2014-05-14,444.0
2014-05-15,442.0
2014-05-16,442.3
2014-05-17,442.0
2014-05-18,438.8
2014-05-19,439.0
2014-05-20,476.0
2014-05-21,477.6
2014-05-22,502.3
2014-05-23,509.5
2014-05-24,502.3
2014-05-25,566.2
2014-05-26,575.0
2014-05-27,570.0
2014-05-28,577.0
2014-05-29,573.0
2014-05-30,629.0
2014-05-31,635.6
2014-06-01,646.5
2014-06-02,669.5
2014-06-03,682.9
2014-06-04,652.3
2014-06-05,663.3
2014-06-06,655.0
2014-06-07,663.0
2014-06-08,662.3
2014-06-09,653.7
2014-06-10,653.6
2014-06-11,637.1
2014-06-12,590.0
2014-06-13,582.6
2014-06-14,554.4
2014-06-15,571.0
2014-06-16,580.0
2014-06-17,614.3
2014-06-18,611.5
2014-06-19,602.0
2014-06-20,601.0
2014-06-21,601.6
2014-06-22,607.8
2014-06-23,599.3
2014-06-24,587.3
2014-06-25,568.1
2014-06-26,577.9
2014-06-27,606.2
2014-06-28,600.1
2014-06-29,603.7
2014-06-30,640.0
2014-07-01,650.8
2014-07-02,647.9
2014-07-03,643.6
2014-07-04,632.2
2014-07-05,630.0
2014-07-06,633.3
2014-07-07,624.0
2014-07-08,618.5
2014-07-09,620.2
2014-07-10,610.0
2014-07-11,625.5
2014-07-12,626.0
2014-07-13,624.0
2014-07-14,622.4
2014-07-15,620.9
2014-07-16,621.0
2014-07-17,627.6
2014-07-18,627.5
2014-07-19,625.3
2014-07-20,618.9
2014-07-21,619.8
2014-07-22,612.6
2014-07-23,617.2
2014-07-24,600.3
2014-07-25,598.0
2014-07-26,594.0
2014-07-27,590.5
2014-07-28,586.4
2014-07-29,575.0
2014-07-30,551.0
2014-07-31,579.0
2014-08-01,594.9
2014-08-02,587.8
2014-08-03,582.1
2014-08-04,581.1
2014-08-05,575.0
2014-08-06,577.5
2014-08-07,582.3
2014-08-08,586.4
2014-08-09,583.3
2014-08-10,580.0
2014-08-11,572.5
2014-08-12,566.0
2014-08-13,549.0
2014-08-14,510.0
2014-08-15,506.2
2014-08-16,527.2
2014-08-17,501.3
2014-08-18,478.2
2014-08-19,490.3
2014-08-20,517.0
2014-08-21,515.9
2014-08-22,515.6
2014-08-23,500.1
2014-08-24,507.3
2014-08-25,502.5
2014-08-26,508.4
2014-08-27,511.0
2014-08-28,507.8
2014-08-29,507.5
2014-08-30,499.0
2014-08-31,483.4
2014-09-01,485.8
2014-09-02,476.8
2014-09-03,474.0
2014-09-04,489.2
2014-09-05,477.6
2014-09-06,481.3
2014-09-07,479.7
2014-09-08,470.4
2014-09-09,472.7
2014-09-10,477.3
2014-09-11,477.1
2014-09-12,471.8
2014-09-13,478.1
2014-09-14,476.5
2014-09-15,469.9
2014-09-16,465.1
2014-09-17,456.8
2014-09-18,427.2
2014-09-19,395.3
2014-09-20,411.6
2014-09-21,400.7
2014-09-22,397.7
2014-09-23,429.1
2014-09-24,420.4
2014-09-25,409.1
2014-09-26,403.0
2014-09-27,397.3
2014-09-28,374.7
2014-09-29,369.6
2014-09-30,387.1
2014-10-01,383.0
2014-10-02,371.7
2014-10-03,357.7
2014-10-04,328.7
2014-10-05,322.5
2014-10-06,323.8
2014-10-07,331.0
2014-10-08,350.0
2014-10-09,363.5
2014-10-10,359.5
2014-10-11,361.3
2014-10-12,372.0
2014-10-13,383.4
2014-10-14,397.9
2014-10-15,393.5
2014-10-16,379.3
2014-10-17,380.3
2014-10-18,390.0
2014-10-19,386.3
2014-10-20,381.0
2014-10-21,382.8
2014-10-22,380.0
2014-10-23,356.0
2014-10-24,356.1
2014-10-25,347.4
2014-10-26,350.0
2014-10-27,350.6
2014-10-28,353.1
2014-10-29,333.2
2014-10-30,343.9
2014-10-31,337.0
2014-11-01,327.2
2014-11-02,322.5
2014-11-03,323.6
2014-11-04,326.9
2014-11-05,337.5
2014-11-06,348.5
2014-11-07,341.5
2014-11-08,345.0
2014-11-09,360.0
2014-11-10,368.0
2014-11-11,367.0
2014-11-12,417.9
2014-11-13,419.4
2014-11-14,399.1
2014-11-15,376.5
2014-11-16,388.2
2014-11-17,387.6
2014-11-18,370.0
2014-11-19,379.2
2014-11-20,355.9
2014-11-21,349.3
2014-11-22,346.4
2014-11-23,360.6
2014-11-24,373.2
2014-11-25,375.8
2014-11-26,367.9
2014-11-27,369.6
2014-11-28,375.6
2014-11-29,374.5
2014-11-30,376.7
2014-12-01,377.6
2014-12-02,382.0
2014-12-03,375.7
2014-12-04,370.3
2014-12-05,378.4
2014-12-06,372.8
2014-12-07,374.4
2014-12-08,363.3
2014-12-09,353.9
2014-12-10,346.9
2014-12-11,350.0
2014-12-12,352.8
2014-12-13,350.9
2014-12-14,352.7
2014-12-15,347.2
2014-12-16,330.6
2014-12-17,318.2
2014-12-18,308.3
2014-12-19,315.7
2014-12-20,329.1
2014-12-21,317.2
2014-12-22,329.0
2014-12-23,332.9
2014-12-24,322.8
2014-12-25,319.0
2014-12-26,328.5
2014-12-27,315.9
2014-12-28,317.5
2014-12-29,311.9
2014-12-30,308.8
2014-12-31,317.0
2015-01-01,313.9
2015-01-02,315.1
2015-01-03,282.0
2015-01-04,258.8
2015-01-05,273.2
2015-01-06,285.4
2015-01-07,297.0
2015-01-08,285.6
2015-01-09,292.8
2015-01-10,275.0
2015-01-11,266.2
2015-01-12,267.6
2015-01-13,229.8
2015-01-14,183.2
2015-01-15,217.7
2015-01-16,206.7
2015-01-17,201.2
2015-01-18,209.9
2015-01-19,213.2
2015-01-20,218.0
2015-01-21,225.5
2015-01-22,226.3
2015-01-23,235.0
2015-01-24,240.0
2015-01-25,254.5
2015-01-26,274.5
2015-01-27,263.6
2015-01-28,236.1
2015-01-29,235.0
2015-01-30,229.1
2015-01-31,218.4
2015-02-01,229.0
2015-02-02,237.8
2015-02-03,228.6
2015-02-04,227.1
2015-02-05,216.8
2015-02-06,223.2
2015-02-07,229.0
2015-02-08,224.0
2015-02-09,221.1
2015-02-10,220.9
2015-02-11,219.8
2015-02-12,222.4
2015-02-13,236.1
2015-02-14,257.2
2015-02-15,235.9
2015-02-16,233.6
2015-02-17,244.0
2015-02-18,236.3
2015-02-19,240.2
2015-02-20,244.5
2015-02-21,245.6
2015-02-22,236.5
2015-02-23,239.4
2015-02-24,239.7
2015-02-25,238.0
2015-02-26,236.9
2015-02-27,255.0
2015-02-28,255.7
2015-03-01,262.4
2015-03-02,277.3
2015-03-03,283.8
2015-03-04,273.3
2015-03-05,277.7
2015-03-06,273.2
2015-03-07,277.0
2015-03-08,275.6
2015-03-09,291.0
2015-03-10,292.7
2015-03-11,296.7
2015-03-12,295.6
2015-03-13,283.3
2015-03-14,282.6
2015-03-15,286.9
2015-03-16,291.2
2015-03-17,285.3
2015-03-18,257.3
2015-03-19,261.9
2015-03-20,262.2
2015-03-21,260.5
2015-03-22,268.8
2015-03-23,267.2
2015-03-24,246.0
2015-03-25,245.9
2015-03-26,249.2
2015-03-27,246.5
2015-03-28,252.9
2015-03-29,242.4
2015-03-30,247.9
2015-03-31,244.3
2015-04-01,246.9
2015-04-02,253.2
2015-04-03,254.2
2015-04-04,253.6
2015-04-05,260.5
2015-04-06,255.6
2015-04-07,253.7
2015-04-08,244.9
2015-04-09,243.6
2015-04-10,236.1
2015-04-11,236.9
2015-04-12,236.4
2015-04-13,225.0
2015-04-14,220.2
2015-04-15,224.0
2015-04-16,228.5
2015-04-17,222.4
2015-04-18,223.1
2015-04-19,222.2
2015-04-20,224.2
2015-04-21,235.8
2015-04-22,234.1
2015-04-23,236.0
2015-04-24,231.4
2015-04-25,226.1
2015-04-26,219.7
2015-04-27,227.7
2015-04-28,225.3
2015-04-29,225.2
2015-04-30,236.1
2015-05-01,231.8
2015-05-02,234.8
2015-05-03,240.7
2015-05-04,238.5
2015-05-05,235.9
2015-05-06,229.3
2015-05-07,237.3
2015-05-08,244.5
2015-05-09,242.5
2015-05-10,240.6
2015-05-11,242.5
2015-05-12,241.8
2015-05-13,235.8
2015-05-14,236.7
2015-05-15,237.3
2015-05-16,235.7
2015-05-17,236.2
2015-05-18,232.8
2015-05-19,231.7
2015-05-20,234.2
2015-05-21,235.3
2015-05-22,241.0
2015-05-23,238.8
2015-05-24,240.9
2015-05-25,237.1
2015-05-26,237.4
2015-05-27,236.9
2015-05-28,236.9
2015-05-29,236.5
2015-05-30,232.5
2015-05-31,228.7
2015-06-01,222.0
2015-06-02,224.7
2015-06-03,225.1
2015-06-04,223.2
2015-06-05,224.5
2015-06-06,225.6
2015-06-07,223.3
2015-06-08,228.8
2015-06-09,229.1
2015-06-10,228.6
2015-06-11,229.8
2015-06-12,229.4
2015-06-13,232.9
2015-06-14,233.5
2015-06-15,237.0
2015-06-16,252.1
2015-06-17,248.9
2015-06-18,249.5
2015-06-19,244.6
2015-06-20,245.4
2015-06-21,244.3
2015-06-22,246.7
2015-06-23,244.3
2015-06-24,239.8
2015-06-25,242.1
2015-06-26,243.3
2015-06-27,251.6
2015-06-28,248.7
2015-06-29,256.7
2015-06-30,262.9
2015-07-01,258.1
2015-07-02,254.5
2015-07-03,256.0
2015-07-04,260.6
2015-07-05,265.2
2015-07-06,274.8
2015-07-07,265.5
2015-07-08,270.8
2015-07-09,269.2
2015-07-10,286.7
2015-07-12,311.1
2015-07-13,292.6
2015-07-14,286.9
2015-07-15,285.4
2015-07-16,278.9
2015-07-17,279.9
2015-07-18,277.3
2015-07-19,275.0
2015-07-20,280.3
2015-07-21,275.8
2015-07-22,278.0
2015-07-23,276.5
2015-07-24,288.6
2015-07-25,289.4
2015-07-26,293.0
2015-07-27,294.8
2015-07-28,295.2
2015-07-29,289.9
2015-07-30,288.2
2015-07-31,284.5
2015-08-01,280.3
2015-08-02,282.5
2015-08-03,281.3
2015-08-04,285.5
2015-08-05,282.6
2015-08-06,279.1
2015-08-07,280.1
2015-08-08,261.3
2015-08-09,265.6
2015-08-10,265.1
2015-08-11,272.0
2015-08-12,267.1
2015-08-13,264.5
2015-08-14,266.1
2015-08-15,262.1
2015-08-16,259.9
2015-08-17,258.5
2015-08-18,183.0
2015-08-19,226.2
2015-08-20,235.5
2015-08-21,232.2
2015-08-22,230.3
2015-08-23,228.5
2015-08-24,210.5
2015-08-25,222.7
2015-08-26,226.2
2015-08-27,225.8
2015-08-28,231.8
2015-08-29,230.8
2015-08-30,230.0
2015-08-31,231.4
2015-09-01,228.2
2015-09-02,229.7
2015-09-03,227.3
2015-09-04,230.9
2015-09-05,235.8
2015-09-06,241.0
2015-09-07,240.9
2015-09-08,244.2
2015-09-09,238.9
2015-09-10,239.5
2015-09-11,240.6
2015-09-12,235.8
2015-09-13,231.0
2015-09-14,230.9
2015-09-15,230.9
2015-09-16,229.0
2015-09-17,233.6
2015-09-18,233.8
2015-09-19,232.1
2015-09-20,232.1
2015-09-21,227.2
2015-09-22,231.3
2015-09-23,230.5
2015-09-24,234.6
2015-09-25,235.3
2015-09-26,234.6
2015-09-27,233.4
2015-09-28,240.4
2015-09-29,236.8
2015-09-30,236.5
2015-10-01,238.5
2015-10-02,237.9
2015-10-03,239.8
2015-10-04,239.5
2015-10-05,242.0
2015-10-06,247.4
2015-10-07,244.2
2015-10-08,243.0
2015-10-09,244.8
2015-10-10,246.0
2015-10-11,247.9
2015-10-12,246.1
2015-10-13,251.3
2015-10-14,253.5
2015-10-15,255.2
2015-10-16,263.5
2015-10-17,272.9
2015-10-18,265.0
2015-10-19,265.0
2015-10-20,271.0
2015-10-21,267.8
2015-10-22,275.8
2015-10-23,279.2
2015-10-24,284.2
2015-10-25,284.8
2015-10-26,287.2
2015-10-27,295.2
2015-10-28,304.5
2015-10-29,314.9
2015-10-30,328.2
2015-10-31,316.0
2015-11-01,330.7
2015-11-02,365.0
2015-11-03,405.3
2015-11-04,409.2
2015-11-05,388.0
2015-11-06,375.6
2015-11-07,384.6
2015-11-08,374.0
2015-11-09,381.0
2015-11-10,340.2
2015-11-11,314.0
2015-11-12,336.6
2015-11-13,338.5
2015-11-14,333.4
2015-11-15,321.1
2015-11-16,332.1
2015-11-17,336.3
2015-11-18,336.0
2015-11-19,326.5
2015-11-20,322.2
2015-11-21,327.5
2015-11-22,324.7
2015-11-23,323.6
2015-11-24,320.1
2015-11-25,329.9
2015-11-26,354.0
2015-11-27,358.9
2015-11-28,358.7
2015-11-29,373.3
2015-11-30,376.9
2015-12-01,362.7
2015-12-02,359.1
2015-12-03,360.7
2015-12-04,363.2
2015-12-05,390.0
2015-12-06,390.6
2015-12-07,396.7
2015-12-08,420.8
2015-12-09,418.7
2015-12-10,414.9
2015-12-11,456.3
2015-12-12,435.7
2015-12-13,433.0
2015-12-14,442.6
2015-12-15,466.5
2015-12-16,455.0
2015-12-17,455.8
2015-12-18,463.5
2015-12-19,462.5
2015-12-20,442.6
2015-12-21,437.9
2015-12-22,435.6
2015-12-23,442.6
2015-12-24,456.1
2015-12-25,455.5
2015-12-26,416.5
2015-12-27,422.4
2015-12-28,420.2
2015-12-29,431.9
2015-12-30,424.7
2015-12-31,429.0
2016-01-01,434.0
2016-01-02,432.7
2016-01-03,428.7
2016-01-04,432.9
2016-01-05,431.8
2016-01-06,428.0
2016-01-07,459.0
2016-01-08,454.0
2016-01-09,449.2
2016-01-10,449.4
2016-01-11,449.3
2016-01-12,432.0
2016-01-13,431.1
2016-01-14,429.3
2016-01-15,358.9
2016-01-16,388.4
2016-01-17,382.1
2016-01-18,387.0
2016-01-19,379.0
2016-01-20,419.4
2016-01-21,411.0
2016-01-22,381.0
2016-01-23,385.6
2016-01-24,402.8
2016-01-25,391.0
2016-01-26,391.3
2016-01-27,395.0
2016-01-28,378.4
2016-01-29,377.6
2016-01-30,377.0
2016-01-31,365.5
2016-02-01,371.4
2016-02-02,372.9
2016-02-03,369.0
2016-02-04,389.8
2016-02-05,386.5
2016-02-06,373.8
2016-02-07,372.0
2016-02-08,370.5
2016-02-09,374.0
2016-02-10,380.9
2016-02-11,378.0
2016-02-12,383.0
2016-02-13,393.0
2016-02-14,408.3
2016-02-15,399.9
2016-02-16,407.3
2016-02-17,414.9
2016-02-18,421.5
2016-02-19,420.0
2016-02-20,438.7
2016-02-21,440.5
2016-02-22,440.3
2016-02-23,421.1
2016-02-24,426.4
2016-02-25,424.9
2016-02-26,435.3
2016-02-27,434.2
2016-02-28,434.5
2016-02-29,439.2
2016-03-01,434.8
2016-03-02,422.2
2016-03-03,420.6
2016-03-04,408.8
2016-03-05,397.4
2016-03-06,403.9
2016-03-07,412.7
2016-03-08,411.4
2016-03-09,412.9
2016-03-10,416.5
2016-03-11,420.5
2016-03-12,410.0
2016-03-13,411.8
2016-03-14,416.0
2016-03-15,415.5
2016-03-16,417.3
2016-03-17,418.8
2016-03-18,407.7
2016-03-19,408.4
2016-03-20,411.3
2016-03-21,411.9
2016-03-22,417.7
2016-03-23,418.1
2016-03-24,415.3
2016-03-25,416.0
2016-03-26,416.7
2016-03-27,427.4
2016-03-28,424.1
2016-03-29,415.8
2016-03-30,413.2
2016-03-31,416.0
2016-04-01,417.6
2016-04-02,420.3
2016-04-03,420.6
2016-04-04,420.5
2016-04-05,423.8
2016-04-06,422.6
2016-04-07,422.3
2016-04-08,418.5
2016-04-09,418.5
2016-04-10,421.3
2016-04-11,423.7
2016-04-12,426.6
2016-04-13,424.8
2016-04-14,426.0
2016-04-15,431.5
2016-04-16,432.0
2016-04-17,428.5
2016-04-18,430.0
2016-04-19,437.8
2016-04-20,444.0
2016-04-21,452.0
2016-04-22,447.8
2016-04-23,453.7
2016-04-24,463.0
2016-04-25,461.8
2016-04-26,468.1
2016-04-27,445.1
2016-04-28,450.5
2016-04-29,455.3
2016-04-30,446.6
2016-05-01,451.1
2016-05-02,443.7
2016-05-03,450.4
2016-05-04,447.4
2016-05-05,448.4
2016-05-06,461.2
2016-05-07,460.2
2016-05-08,459.9
2016-05-09,461.6
2016-05-10,450.7
2016-05-11,452.3
2016-05-12,455.0
2016-05-13,455.8
2016-05-14,455.8
2016-05-15,457.9
2016-05-16,453.0
2016-05-17,453.2
2016-05-18,453.5
2016-05-19,435.0
2016-05-20,441.6
2016-05-21,440.8
2016-05-22,437.5
2016-05-23,443.7
2016-05-24,445.0
2016-05-25,449.1
2016-05-26,454.0
2016-05-27,472.0
2016-05-28,527.0
2016-05-29,531.0
2016-05-30,532.9
2016-05-31,530.7
2016-06-01,536.8
2016-06-02,538.8
2016-06-03,570.9
2016-06-04,572.7
2016-06-05,574.0
2016-06-06,585.2
2016-06-07,576.9
2016-06-08,583.0
2016-06-09,575.5
2016-06-10,580.1
2016-06-11,614.5
2016-06-12,671.0
2016-06-13,705.9
2016-06-14,684.5
2016-06-15,696.9
2016-06-16,769.5
2016-06-17,748.7
2016-06-18,757.6
2016-06-19,767.3
2016-06-20,743.9
2016-06-21,668.9
2016-06-22,606.0
2016-06-23,625.8
2016-06-24,666.0
2016-06-25,664.9
2016-06-26,627.4
2016-06-27,662.2
2016-06-28,646.3
2016-06-29,639.7
2016-06-30,674.7
2016-07-01,674.8
2016-07-02,705.0
2016-07-03,659.3
2016-07-04,681.3
2016-07-05,667.8
2016-07-06,677.0
2016-07-07,640.5
2016-07-08,664.8
2016-07-09,648.1
2016-07-10,649.7
2016-07-11,648.0
2016-07-12,667.2
2016-07-13,653.7
2016-07-14,659.8
2016-07-15,665.5
2016-07-16,665.3
2016-07-17,683.2
2016-07-18,674.3
2016-07-19,675.0
2016-07-20,665.8
2016-07-21,665.0
2016-07-22,648.0
2016-07-23,654.0
2016-07-24,661.8
2016-07-25,654.2
2016-07-26,648.5
2016-07-27,654.5
2016-07-29,658.3
2016-07-30,655.0
2016-07-31,623.7
2016-08-01,608.0
2016-08-02,604.0
2016-08-03,0.0
2016-08-04,0.0
2016-08-05,0.0
2016-08-06,0.0
2016-08-07,604.1
2016-08-08,604.1
2016-08-09,604.1
2016-08-10,590.3
2016-08-11,591.3
2016-08-12,585.5
2016-08-13,583.7
2016-08-14,569.4
2016-08-15,564.6
2016-08-16,574.2
2016-08-17,571.8
2016-08-18,572.2
2016-08-19,573.5
2016-08-20,582.0
2016-08-21,581.4
2016-08-22,588.0
2016-08-23,583.5
2016-08-24,580.3
2016-08-25,577.2
2016-08-26,578.0
2016-08-27,568.5
2016-08-28,574.2
2016-08-29,574.8
2016-08-30,579.5
2016-08-31,576.2
2016-09-01,572.7
2016-09-02,579.8
2016-09-03,609.9
2016-09-04,614.5
2016-09-05,611.5
2016-09-06,615.2
2016-09-07,619.8
2016-09-08,631.7
2016-09-09,626.3
2016-09-10,628.0
2016-09-11,612.1
2016-09-12,611.6
2016-09-13,614.2
2016-09-14,613.9
2016-09-15,611.8
2016-09-16,610.0
2016-09-17,607.7
2016-09-18,613.0
2016-09-19,609.8
2016-09-20,600.0
2016-09-21,597.4
2016-09-22,597.1
2016-09-23,603.3
2016-09-24,602.5
2016-09-25,600.4
2016-09-26,609.1
2016-09-27,605.5
2016-09-28,603.8
2016-09-29,604.6
2016-09-30,611.1
2016-10-01,614.1
2016-10-02,609.1
2016-10-03,612.6
2016-10-04,611.0
2016-10-05,614.1
2016-10-06,613.5
2016-10-07,620.1
2016-10-08,620.5
2016-10-09,616.6
2016-10-10,618.9
2016-10-11,641.7
2016-10-12,637.6
2016-10-13,637.0
2016-10-14,643.0
2016-10-15,640.2
2016-10-16,644.2
2016-10-17,639.8
2016-10-18,638.8
2016-10-19,631.8
2016-10-20,632.5
2016-10-21,636.7
2016-10-22,665.0
2016-10-23,659.0
2016-10-24,654.7
2016-10-25,659.5
2016-10-26,678.7
2016-10-27,688.7
2016-10-28,693.5
2016-10-29,714.5
2016-10-30,702.5
2016-10-31,704.1
2016-11-14,707.4
2016-11-15,712.2
2016-11-16,745.0
2016-11-17,740.7
2016-11-18,754.0
2016-11-19,752.9
2016-11-20,729.7
2016-11-21,739.0
2016-11-22,750.0
2016-11-23,742.0
2016-11-24,737.7
2016-11-25,740.4
2016-11-26,731.2
2016-11-27,725.0
2016-11-28,731.5
2016-11-29,731.0
2016-11-30,739.0
2016-12-01,755.4
2016-12-02,774.9
2016-12-03,765.3
2016-12-04,768.5
2016-12-05,750.6
2016-12-06,757.4
2016-12-07,765.0
2016-12-08,765.0
2016-12-09,770.5
2016-12-10,772.9
2016-12-11,770.2
2016-12-12,778.0
2016-12-13,775.0
2016-12-14,774.5
2016-12-15,777.4
2016-12-16,784.2
2016-12-17,791.0
2016-12-18,790.2
2016-12-19,790.6
2016-12-20,798.0
2016-12-21,830.0
2016-12-22,859.2
2016-12-23,919.0
2016-12-24,895.2
2016-12-25,898.0
2016-12-26,906.4
2016-12-27,936.3
2016-12-28,981.7
2016-12-29,972.6
2016-12-30,959.3
2016-12-31,966.6
2017-01-01,999.0
2017-01-02,1019.3
2017-01-03,1037.5
2017-01-04,1139.6
2017-01-05,1003.2
2017-01-06,898.0
2017-01-07,908.8
2017-01-08,915.9
2017-01-09,903.0
2017-01-10,905.8
2017-01-11,778.6
2017-01-12,804.6
2017-01-13,828.1
2017-01-14,815.3
2017-01-15,820.7
2017-01-16,830.1
2017-01-17,904.0
2017-01-18,887.8
2017-01-19,900.3
2017-01-20,896.0
2017-01-21,924.0
2017-01-22,923.7
2017-01-23,910.0
2017-01-24,886.1
2017-01-25,893.3
2017-01-26,915.1
2017-01-27,916.7
2017-01-28,919.4
2017-01-29,912.6
2017-01-30,917.4
2017-01-31,966.2
2017-02-01,983.7
2017-02-02,1005.7
2017-02-03,1015.7
2017-02-04,1031.1
2017-02-05,1006.6
2017-02-06,1022.6
2017-02-07,1052.1
2017-02-08,1048.8
2017-02-09,985.0
2017-02-10,992.0
2017-02-11,1000.3
2017-02-12,996.0
2017-02-13,996.5
2017-02-14,1013.7
2017-02-15,1013.8
2017-02-16,1038.4
2017-02-17,1056.2
2017-02-18,1059.8
2017-02-19,1056.2
2017-02-20,1091.2
2017-02-21,1129.6
2017-02-22,1125.3
2017-02-23,1190.9
2017-02-24,1185.1
2017-02-25,1153.0
2017-02-26,1178.3
2017-02-27,1195.5
2017-02-28,1189.1
2017-03-01,1232.8
2017-03-02,1262.3
2017-03-03,1288.2
2017-03-04,1267.8
2017-03-05,1278.4
2017-03-06,1279.3
2017-03-07,1232.4
2017-03-08,1149.3
2017-03-09,1190.4
2017-03-10,1113.6
2017-03-11,1172.8
2017-03-12,1225.2
2017-03-13,1238.5
2017-03-14,1245.0
2017-03-15,1256.1
2017-03-16,1169.0
2017-03-17,1068.4
2017-03-18,971.0
2017-03-19,1016.1
2017-03-20,1039.0
2017-03-21,1115.0
2017-03-22,1039.1
2017-03-23,1033.0
2017-03-24,943.1
2017-03-25,972.2
2017-03-26,969.0
2017-03-27,1042.7
2017-03-28,1044.7
2017-03-29,1041.8
2017-03-30,1041.0
2017-03-31,1081.7
2017-04-01,1093.2
2017-04-02,1107.6
2017-04-03,1150.2
2017-04-04,1145.0
2017-04-05,1140.6
2017-04-06,1191.5
2017-04-07,1196.6
2017-04-08,1188.1
2017-04-09,1215.9
2017-04-10,1220.3
2017-04-11,1235.6
2017-04-12,1227.4
2017-04-13,1187.0
2017-04-14,1206.8
2017-04-15,1193.3
2017-04-16,1212.0
2017-04-17,1240.0
2017-04-18,1265.4
2017-04-19,1260.5
2017-04-20,1308.4
2017-04-21,1325.6
2017-04-22,1347.5
2017-04-23,1355.2
2017-04-24,1345.0
2017-04-25,1370.3
2017-04-26,1399.3
2017-04-27,1440.3
2017-04-28,1415.6
2017-04-29,1423.6
2017-04-30,1435.2
2017-05-01,1533.1
2017-05-02,1560.0
2017-05-03,1617.8
2017-05-04,1607.1
2017-05-05,1545.1
2017-05-06,1597.1
2017-05-07,1619.9
2017-05-08,1703.2
2017-05-09,1760.0
2017-05-10,1796.8
2017-05-11,1853.9
2017-05-12,1735.0
2017-05-13,1820.4
2017-05-14,1828.1
2017-05-15,1772.5
2017-05-16,1785.7
2017-05-17,1870.0
2017-05-18,1941.5
2017-05-19,1966.5
2017-05-20,2059.7
2017-05-21,2029.2
2017-05-22,2085.5
2017-05-23,2249.3
2017-05-24,2394.8
2017-05-25,2252.0
2017-05-26,2127.3
2017-05-27,1972.3
2017-05-28,2056.6
2017-05-29,2207.4
2017-05-30,2146.7
2017-05-31,2191.8
2017-06-01,2311.6
2017-06-02,2405.9
2017-06-03,2461.0
2017-06-04,2488.2
2017-06-05,2636.2
2017-06-06,2843.6
2017-06-07,2642.6
2017-06-08,2782.1
2017-06-09,2809.0
2017-06-10,2806.0
2017-06-11,2936.3
2017-06-12,2571.8
2017-06-13,2676.4
2017-06-14,2395.0
2017-06-15,2377.4
2017-06-16,2437.0
2017-06-17,2610.0
2017-06-18,2491.5
2017-06-19,2580.8
2017-06-20,2712.2
2017-06-21,2621.2
2017-06-22,2672.8
2017-06-23,2674.9
2017-06-24,2502.6
2017-06-25,2477.7
2017-06-26,2394.6
2017-06-27,2521.2
2017-06-28,2518.2
2017-06-29,2470.1
2017-06-30,2420.7
2017-07-01,2349.5
2017-07-02,2445.0
2017-07-03,2524.0
2017-07-04,2582.6
2017-07-05,2598.5
2017-07-06,2593.1
2017-07-07,2479.3
2017-07-08,2542.0
2017-07-09,2478.0
2017-07-10,2318.3
2017-07-11,2282.1
2017-07-12,2374.4
2017-07-13,2329.0
2017-07-14,2205.1
2017-07-15,1978.6
2017-07-16,1924.9
2017-07-17,2219.0
2017-07-18,2302.1
2017-07-19,2253.1
2017-07-20,2856.3
2017-07-21,2664.0
2017-07-22,2845.7
2017-07-23,2747.5
2017-07-24,2769.7
2017-07-25,2560.9
2017-07-26,2525.7
2017-07-27,2664.9
2017-07-28,2784.8
2017-07-29,2714.1
2017-07-30,2749.0
2017-07-31,2856.0
2017-08-01,2731.2
2017-08-02,2702.0
2017-08-03,2790.3
2017-08-04,2860.0
2017-08-05,3256.4
2017-08-06,3227.9
2017-08-07,3396.7
2017-08-08,3415.0
2017-08-09,3339.9
2017-08-10,3407.9
2017-08-11,3644.1
2017-08-12,3865.5
2017-08-13,4053.3
2017-08-14,4319.5
2017-08-15,4151.9
2017-08-16,4386.3
2017-08-17,4260.0
2017-08-18,4090.2
2017-08-19,4145.1
2017-08-20,4064.3
2017-08-21,4002.5
2017-08-22,4074.0
2017-08-23,4129.1
2017-08-24,4325.2
2017-08-25,4351.5
2017-08-26,4341.7
2017-08-27,4331.8
2017-08-28,4383.8
2017-08-29,4587.1
2017-08-30,4569.0
2017-08-31,4718.2
2017-09-01,4904.9
2017-09-02,4534.4
2017-09-03,4595.0
2017-09-04,4200.4
2017-09-05,4374.9
2017-09-06,4589.1
2017-09-07,4613.5
2017-09-08,4305.8
2017-09-09,4317.9
2017-09-10,4232.1
2017-09-11,4203.0
2017-09-12,4142.9
2017-09-13,3849.7
2017-09-14,3238.1
2017-09-15,3698.0
2017-09-16,3685.4
2017-09-17,3666.3
2017-09-18,4084.1
2017-09-19,3900.0
2017-09-20,3873.2
2017-09-21,3603.4
2017-09-22,3598.5
2017-09-23,3779.6
2017-09-24,3652.8
2017-09-25,3930.0
2017-09-26,3879.1
2017-09-27,4205.4
2017-09-28,4190.0
2017-09-29,4169.9
2017-09-30,4367.0
2017-10-01,4404.3
2017-10-02,4400.1
2017-10-03,4311.1
2017-10-04,4215.1
2017-10-05,4315.4
2017-10-06,4371.0
2017-10-07,4436.0
2017-10-08,4613.1
2017-10-09,4782.3
2017-10-10,4777.0
2017-10-11,4824.9
2017-10-12,5428.5
2017-10-13,5636.8
2017-10-14,5835.0
2017-10-15,5698.6
2017-10-16,5764.4
2017-10-17,5597.1
2017-10-18,5565.0
2017-10-19,5694.0
2017-10-20,5984.5
2017-10-21,6005.1
2017-10-22,5980.5
2017-10-23,5906.9
2017-10-24,5509.5
2017-10-25,5720.0
2017-10-26,5890.0
2017-10-27,5759.6
2017-10-28,5720.6
2017-10-29,6156.0
2017-10-30,6125.3
2017-10-31,6458.3
2017-11-01,6727.3
2017-11-02,7019.9
2017-11-03,7278.4
2017-11-04,7369.0
2017-11-05,7382.0
2017-11-06,6955.0
2017-11-07,7103.3
2017-11-08,7442.4
2017-11-09,7126.2
2017-11-10,6542.2
2017-11-11,6300.7
2017-11-12,5822.1
2017-11-13,6474.6
2017-11-14,6579.2
2017-11-15,7278.3
2017-11-16,7864.2
2017-11-17,7677.9
2017-11-18,7773.3
2017-11-19,8054.2
2017-11-20,8245.1
2017-11-21,8097.3
2017-11-22,8230.1
2017-11-23,7977.1
2017-11-24,8191.6
2017-11-25,8766.2
2017-11-26,9316.0
2017-11-27,9728.8
2017-11-28,9898.0
2017-11-29,9749.4
2017-11-30,9907.0
2017-12-01,10869.0
2017-12-02,10881.0
2017-12-03,11157.0
2017-12-04,11595.0
2017-12-05,11595.0
2017-12-06,13527.0
2017-12-07,16601.0
2017-12-08,15869.0
2017-12-09,14660.0
2017-12-10,14997.0
2017-12-11,16754.0
2017-12-12,16967.0
2017-12-13,16181.0
2017-12-14,16383.0
2017-12-15,17522.0
2017-12-16,19187.0
2017-12-17,18971.0
2017-12-18,18934.0
2017-12-19,17345.0
2017-12-20,16425.0
2017-12-21,15666.8
2017-12-22,13170.0
2017-12-23,14035.0
2017-12-24,13476.0
2017-12-25,13623.0
2017-12-26,15679.0
2017-12-27,15374.0
2017-12-28,14315.0
2017-12-29,14317.0
2017-12-30,12377.0
2017-12-31,13800.0
2018-01-01,13354.0
2018-01-02,14709.8
2018-01-03,15155.0
2018-01-04,15160.0
2018-01-05,16917.0
2018-01-06,17161.0
2018-01-07,16196.0
2018-01-08,14930.0
2018-01-09,14423.0
2018-01-10,14896.0
2018-01-11,13266.0
2018-01-12,13783.0
2018-01-13,14191.0
2018-01-14,13558.0
2018-01-15,13575.0
2018-01-16,11072.0
2018-01-17,11082.0
2018-01-18,11045.0
2018-01-19,11476.0
2018-01-20,12728.0
2018-01-21,11514.0
2018-01-22,10771.0
2018-01-23,10819.0
2018-01-24,11414.0
2018-01-25,11146.0
2018-01-26,11070.0
2018-01-27,11461.0
2018-01-28,11839.0
2018-01-29,11212.0
2018-01-30,10175.0
2018-01-31,10284.0
2018-02-01,9181.1
2018-02-02,8895.8
2018-02-03,9219.4
2018-02-04,8200.0
2018-02-05,6949.9
2018-02-06,7673.8
2018-02-07,7587.0
2018-02-08,8235.1
2018-02-09,8683.2
2018-02-10,8563.1
2018-02-11,8069.0
2018-02-12,8900.6
2018-02-13,8515.9
2018-02-14,9455.4
2018-02-15,9996.9
2018-02-16,10162.0
2018-02-17,11053.5
2018-02-18,10372.0
2018-02-19,11173.0
2018-02-20,11218.0
2018-02-21,10455.0
2018-02-22,9830.0
2018-02-23,10145.0
2018-02-24,9666.3
2018-02-25,9557.4
2018-02-26,10321.0
2018-02-27,10569.0
2018-02-28,10315.0
2018-03-01,10925.0
2018-03-02,11025.0
2018-03-03,11440.0
2018-03-04,11501.0
2018-03-05,11416.0
2018-03-06,10720.0
2018-03-07,9902.9
2018-03-08,9300.0
2018-03-09,9217.0
2018-03-10,8762.0
2018-03-11,9528.0
2018-03-12,9121.0
2018-03-13,9135.0
2018-03-14,8186.6
2018-03-15,8252.9
2018-03-16,8251.0
2018-03-17,7851.0
2018-03-18,8200.2
2018-03-19,8600.1
2018-03-20,8899.7
2018-03-21,8900.1
2018-03-22,8706.4
2018-03-23,8908.0
2018-03-24,8535.0
2018-03-25,8445.1
2018-03-26,8119.1
2018-03-27,7784.5
2018-03-28,7936.1
2018-03-29,7094.0
2018-03-30,6840.4
2018-03-31,6925.3
2018-04-01,6810.0
2018-04-02,7052.7
2018-04-03,7405.6
2018-04-04,6785.9
2018-04-05,6765.0
2018-04-06,6610.2
2018-04-07,6892.6
2018-04-08,7023.9
2018-04-09,6764.6
2018-04-10,6839.3
2018-04-11,6943.1
2018-04-12,7912.0
2018-04-13,7885.8
2018-04-14,8002.9
2018-04-15,8354.1
2018-04-16,8056.2
2018-04-17,7889.9
2018-04-18,8166.3
2018-04-19,8272.8
2018-04-20,8866.1
2018-04-21,8919.1
2018-04-22,8800.0
2018-04-23,8940.0
2018-04-24,9644.4
2018-04-25,8878.4
2018-04-26,9279.3
2018-04-27,8920.1
2018-04-28,9345.3
2018-04-29,9398.6
2018-04-30,9240.0
2018-05-01,9067.0
2018-05-02,9236.4
2018-05-03,9762.1
2018-05-04,9702.8
2018-05-05,9859.6
2018-05-06,9658.7
2018-05-07,9370.0
2018-05-08,9184.7
2018-05-09,9318.2
2018-05-10,9018.7
2018-05-11,8412.4
2018-05-12,8462.7
2018-05-13,8683.6
2018-05-14,8670.8
2018-05-15,8467.5
2018-05-16,8336.1
2018-05-17,8051.8
2018-05-18,8239.0
2018-05-19,8232.3
2018-05-20,8523.7
2018-05-21,8393.4
2018-05-22,7977.3
2018-05-23,7494.8
2018-05-24,7576.7
2018-05-25,7458.0
2018-05-26,7330.3
2018-05-27,7339.7
2018-05-28,7097.9
2018-05-29,7460.0
2018-05-30,7375.1
2018-05-31,7485.8
2018-06-01,7521.0
2018-06-02,7638.1
2018-06-03,7718.0
2018-06-04,7488.3
2018-06-05,7621.7
2018-06-06,7654.0
2018-06-07,7688.9
2018-06-08,7615.1
2018-06-09,7498.6
2018-06-10,6757.3
2018-06-11,6873.3
2018-06-12,6543.9
2018-06-13,6295.2
2018-06-14,6633.7
2018-06-15,6385.0
2018-06-16,6485.9
2018-06-17,6435.7
2018-06-18,6709.2
2018-06-19,6737.5
2018-06-20,6760.4
2018-06-21,6713.5
2018-06-22,6042.6
2018-06-23,6152.0
2018-06-24,6148.0
2018-06-25,6246.6
2018-06-26,6078.5
2018-06-27,6133.1
2018-06-28,5850.0
2018-06-29,6208.1
2018-06-30,6391.5
2018-07-01,6349.7
2018-07-02,6581.3
2018-07-03,6500.0
2018-07-04,6590.0
2018-07-05,6540.2
2018-07-06,6602.1
2018-07-07,6761.7
2018-07-08,6707.0
2018-07-09,6666.7
2018-07-10,6301.5
2018-07-11,6377.8
2018-07-12,6249.0
2018-07-13,6220.0
2018-07-14,6250.1
2018-07-15,6347.2
2018-07-16,6729.2
2018-07-17,7319.8
2018-07-18,7379.4
2018-07-19,7473.5
2018-07-20,7333.1
2018-07-21,7403.3
2018-07-22,7400.5
2018-07-23,7719.8
2018-07-24,8394.5
2018-07-25,8176.0
2018-07-26,7939.0
2018-07-27,8185.7
2018-07-28,8246.4
2018-07-29,8221.0
2018-07-30,8179.6
2018-07-31,7730.6
2018-08-01,7608.8
2018-08-02,7535.2
2018-08-03,7420.0
2018-08-04,7013.2
2018-08-05,7025.8
2018-08-06,6941.3
2018-08-07,6720.5
2018-08-08,6279.2
2018-08-09,6529.1
2018-08-10,6146.8
2018-08-11,6232.7
2018-08-12,6313.9
2018-08-13,6251.9
2018-08-14,6189.0
2018-08-15,6270.1
2018-08-16,6314.0
2018-08-17,6583.3
2018-08-18,6391.2
2018-08-19,6485.1
2018-08-20,6255.9
2018-08-21,6479.1
2018-08-22,6354.9
2018-08-23,6527.2
2018-08-24,6695.9
2018-08-25,6732.9
2018-08-26,6708.4
2018-08-27,6909.5
2018-08-28,7079.7
