date,Bitcoin,isPartial
2011-01-01,55,False
2011-01-02,72,False
2011-01-03,48,False
2011-01-04,93,False
2011-01-05,65,False
2011-01-06,48,False
2011-01-07,48,False
2011-01-08,46,False
2011-01-09,45,False
2011-01-10,100,False
2011-01-11,27,False
2011-01-12,62,False
2011-01-13,54,False
2011-01-14,37,False
2011-01-15,78,False
2011-01-16,44,False
2011-01-17,53,False
2011-01-18,44,False
2011-01-19,18,False
2011-01-20,62,False
2011-01-21,55,False
2011-01-22,55,False
2011-01-23,66,False
2011-01-24,52,False
2011-01-25,35,False
2011-01-26,70,False
2011-01-27,53,False
2011-01-28,47,False
2011-01-29,32,False
2011-01-30,52,False
2011-01-31,66,False
2011-02-01,8,False
2011-02-02,7,False
2011-02-03,6,False
2011-02-04,6,False
2011-02-05,12,False
2011-02-06,9,False
2011-02-07,7,False
2011-02-08,10,False
2011-02-09,17,False
2011-02-10,65,False
2011-02-11,100,False
2011-02-12,54,False
2011-02-13,53,False
2011-02-14,35,False
2011-02-15,28,False
2011-02-16,25,False
2011-02-17,38,False
2011-02-18,38,False
2011-02-19,23,False
2011-02-20,19,False
2011-02-21,30,False
2011-02-22,47,False
2011-02-23,26,False
2011-02-24,25,False
2011-02-25,33,False
2011-02-26,23,False
2011-02-27,28,False
2011-02-28,46,False
2011-03-01,49,False
2011-03-02,32,False
2011-03-03,29,False
2011-03-04,16,False
2011-03-05,11,False
2011-03-06,29,False
2011-03-07,35,False
2011-03-08,23,False
2011-03-09,14,False
2011-03-10,22,False
2011-03-11,21,False
2011-03-12,16,False
2011-03-13,23,False
2011-03-14,17,False
2011-03-15,19,False
2011-03-16,13,False
2011-03-17,26,False
2011-03-18,14,False
2011-03-19,14,False
2011-03-20,14,False
2011-03-21,55,False
2011-03-22,32,False
2011-03-23,100,False
2011-03-24,47,False
2011-03-25,31,False
2011-03-26,27,False
2011-03-27,39,False
2011-03-28,33,False
2011-03-29,25,False
2011-03-30,35,False
2011-03-31,14,False
2011-04-01,34,False
2011-04-02,15,False
2011-04-03,30,False
2011-04-04,39,False
2011-04-05,30,False
2011-04-06,32,False
2011-04-07,29,False
2011-04-08,26,False
2011-04-09,35,False
2011-04-10,37,False
2011-04-11,26,False
2011-04-12,33,False
2011-04-13,32,False
2011-04-14,28,False
2011-04-15,34,False
2011-04-16,76,False
2011-04-17,52,False
2011-04-18,76,False
2011-04-19,44,False
2011-04-20,38,False
2011-04-21,46,False
2011-04-22,41,False
2011-04-23,43,False
2011-04-24,44,False
2011-04-25,61,False
2011-04-26,57,False
2011-04-27,52,False
2011-04-28,71,False
2011-04-29,65,False
2011-04-30,100,False
2011-05-01,17,False
2011-05-02,12,False
2011-05-03,13,False
2011-05-04,8,False
2011-05-05,11,False
2011-05-06,8,False
2011-05-07,10,False
2011-05-08,14,False
2011-05-09,15,False
2011-05-10,13,False
2011-05-11,15,False
2011-05-12,14,False
2011-05-13,18,False
2011-05-14,20,False
2011-05-15,16,False
2011-05-16,68,False
2011-05-17,55,False
2011-05-18,39,False
2011-05-19,81,False
2011-05-20,68,False
2011-05-21,44,False
2011-05-22,47,False
2011-05-23,46,False
2011-05-24,47,False
2011-05-25,70,False
2011-05-26,52,False
2011-05-27,38,False
2011-05-28,38,False
2011-05-29,45,False
2011-05-30,41,False
2011-05-31,100,False
2011-06-01,56,False
2011-06-02,71,False
2011-06-03,66,False
2011-06-04,59,False
2011-06-05,64,False
2011-06-06,64,False
2011-06-07,53,False
2011-06-08,73,False
2011-06-09,81,False
2011-06-10,81,False
2011-06-11,93,False
2011-06-12,100,False
2011-06-13,82,False
2011-06-14,82,False
2011-06-15,92,False
2011-06-16,91,False
2011-06-17,91,False
2011-06-18,79,False
2011-06-19,79,False
2011-06-20,99,False
2011-06-21,75,False
2011-06-22,79,False
2011-06-23,59,False
2011-06-24,44,False
2011-06-25,41,False
2011-06-26,48,False
2011-06-27,50,False
2011-06-28,41,False
2011-06-29,42,False
2011-06-30,37,False
2011-07-01,76,False
2011-07-02,70,False
2011-07-03,65,False
2011-07-04,65,False
2011-07-05,61,False
2011-07-06,59,False
2011-07-07,100,False
2011-07-08,61,False
2011-07-09,63,False
2011-07-10,74,False
2011-07-11,54,False
2011-07-12,53,False
2011-07-13,55,False
2011-07-14,77,False
2011-07-15,48,False
2011-07-16,51,False
2011-07-17,55,False
2011-07-18,60,False
2011-07-19,69,False
2011-07-20,69,False
2011-07-21,56,False
2011-07-22,40,False
2011-07-23,53,False
2011-07-24,49,False
2011-07-25,53,False
2011-07-26,51,False
2011-07-27,51,False
2011-07-28,48,False
2011-07-29,43,False
2011-07-30,50,False
2011-07-31,59,False
2011-08-01,61,False
2011-08-02,70,False
2011-08-03,72,False
2011-08-04,70,False
2011-08-05,83,False
2011-08-06,93,False
2011-08-07,100,False
2011-08-08,75,False
2011-08-09,68,False
2011-08-10,57,False
2011-08-11,53,False
2011-08-12,51,False
2011-08-13,50,False
2011-08-14,53,False
2011-08-15,63,False
2011-08-16,59,False
2011-08-17,64,False
2011-08-18,63,False
2011-08-19,62,False
2011-08-20,59,False
2011-08-21,83,False
2011-08-22,71,False
2011-08-23,63,False
2011-08-24,94,False
2011-08-25,60,False
2011-08-26,53,False
2011-08-27,66,False
2011-08-28,51,False
2011-08-29,56,False
2011-08-30,49,False
2011-08-31,51,False
2011-09-01,86,False
2011-09-02,81,False
2011-09-03,86,False
2011-09-04,79,False
2011-09-05,80,False
2011-09-06,98,False
2011-09-07,91,False
2011-09-08,100,False
2011-09-09,94,False
2011-09-10,93,False
2011-09-11,84,False
2011-09-12,66,False
2011-09-13,82,False
2011-09-14,68,False
2011-09-15,60,False
2011-09-16,65,False
2011-09-17,72,False
2011-09-18,72,False
2011-09-19,66,False
2011-09-20,69,False
2011-09-21,57,False
2011-09-22,63,False
2011-09-23,55,False
2011-09-24,66,False
2011-09-25,71,False
2011-09-26,61,False
2011-09-27,47,False
2011-09-28,67,False
2011-09-29,55,False
2011-09-30,52,False
2011-10-01,59,False
2011-10-02,68,False
2011-10-03,67,False
2011-10-04,76,False
2011-10-05,60,False
2011-10-06,75,False
2011-10-07,61,False
2011-10-08,97,False
2011-10-09,89,False
2011-10-10,69,False
2011-10-11,75,False
2011-10-12,69,False
2011-10-13,79,False
2011-10-14,70,False
2011-10-15,61,False
2011-10-16,56,False
2011-10-17,75,False
2011-10-18,92,False
2011-10-19,100,False
2011-10-20,74,False
2011-10-21,57,False
2011-10-22,67,False
2011-10-23,56,False
2011-10-24,73,False
2011-10-25,63,False
2011-10-26,69,False
2011-10-27,48,False
2011-10-28,47,False
2011-10-29,48,False
2011-10-30,52,False
2011-10-31,54,False
2011-11-01,100,False
2011-11-02,77,False
2011-11-03,67,False
2011-11-04,59,False
2011-11-05,50,False
2011-11-06,63,False
2011-11-07,56,False
2011-11-08,47,False
2011-11-09,47,False
2011-11-10,65,False
2011-11-11,44,False
2011-11-12,57,False
2011-11-13,45,False
2011-11-14,62,False
2011-11-15,62,False
2011-11-16,45,False
2011-11-17,45,False
2011-11-18,57,False
2011-11-19,48,False
2011-11-20,50,False
2011-11-21,44,False
2011-11-22,54,False
2011-11-23,43,False
2011-11-24,53,False
2011-11-25,60,False
2011-11-26,74,False
2011-11-27,66,False
2011-11-28,63,False
2011-11-29,74,False
2011-11-30,57,False
2011-12-01,88,False
2011-12-02,70,False
2011-12-03,98,False
2011-12-04,100,False
2011-12-05,89,False
2011-12-06,68,False
2011-12-07,76,False
2011-12-08,64,False
2011-12-09,69,False
2011-12-10,74,False
2011-12-11,86,False
2011-12-12,88,False
2011-12-13,55,False
2011-12-14,59,False
2011-12-15,65,False
2011-12-16,69,False
2011-12-17,66,False
2011-12-18,62,False
2011-12-19,60,False
2011-12-20,75,False
2011-12-21,86,False
2011-12-22,71,False
2011-12-23,92,False
2011-12-24,81,False
2011-12-25,86,False
2011-12-26,91,False
2011-12-27,87,False
2011-12-28,87,False
2011-12-29,73,False
2011-12-30,90,False
2011-12-31,85,False
2012-01-01,27,False
2012-01-02,28,False
2012-01-03,24,False
2012-01-04,22,False
2012-01-05,28,False
2012-01-06,29,False
2012-01-07,30,False
2012-01-08,30,False
2012-01-09,32,False
2012-01-10,34,False
2012-01-11,34,False
2012-01-12,26,False
2012-01-13,22,False
2012-01-14,22,False
2012-01-15,27,False
2012-01-16,100,False
2012-01-17,52,False
2012-01-18,35,False
2012-01-19,29,False
2012-01-20,28,False
2012-01-21,28,False
2012-01-22,24,False
2012-01-23,29,False
2012-01-24,29,False
2012-01-25,30,False
2012-01-26,24,False
2012-01-27,24,False
2012-01-28,25,False
2012-01-29,24,False
2012-01-30,27,False
2012-01-31,27,False
2012-02-01,85,False
2012-02-02,81,False
2012-02-03,100,False
2012-02-04,95,False
2012-02-05,92,False
2012-02-06,75,False
2012-02-07,70,False
2012-02-08,86,False
2012-02-09,76,False
2012-02-10,81,False
2012-02-11,89,False
2012-02-12,79,False
2012-02-13,76,False
2012-02-14,71,False
2012-02-15,86,False
2012-02-16,83,False
2012-02-17,73,False
2012-02-18,75,False
2012-02-19,70,False
2012-02-20,74,False
2012-02-21,68,False
2012-02-22,69,False
2012-02-23,70,False
2012-02-24,66,False
2012-02-25,71,False
2012-02-26,61,False
2012-02-27,68,False
2012-02-28,72,False
2012-02-29,86,False
2012-03-01,61,False
2012-03-02,100,False
2012-03-03,93,False
2012-03-04,84,False
2012-03-05,73,False
2012-03-06,86,False
2012-03-07,67,False
2012-03-08,66,False
2012-03-09,66,False
2012-03-10,72,False
2012-03-11,70,False
2012-03-12,67,False
2012-03-13,87,False
2012-03-14,74,False
2012-03-15,64,False
2012-03-16,61,False
2012-03-17,79,False
2012-03-18,72,False
2012-03-19,68,False
2012-03-20,74,False
2012-03-21,71,False
2012-03-22,85,False
2012-03-23,68,False
2012-03-24,78,False
2012-03-25,72,False
2012-03-26,62,False
2012-03-27,73,False
2012-03-28,82,False
2012-03-29,75,False
2012-03-30,66,False
2012-03-31,70,False
2012-04-01,49,False
2012-04-02,100,False
2012-04-03,76,False
2012-04-04,70,False
2012-04-05,59,False
2012-04-06,71,False
2012-04-07,61,False
2012-04-08,64,False
2012-04-09,55,False
2012-04-10,81,False
2012-04-11,75,False
2012-04-12,64,False
2012-04-13,57,False
2012-04-14,64,False
2012-04-15,63,False
2012-04-16,60,False
2012-04-17,54,False
2012-04-18,70,False
2012-04-19,53,False
2012-04-20,58,False
2012-04-21,59,False
2012-04-22,53,False
2012-04-23,75,False
2012-04-24,52,False
2012-04-25,64,False
2012-04-26,81,False
2012-04-27,92,False
2012-04-28,80,False
2012-04-29,62,False
2012-04-30,59,False
2012-05-01,48,False
2012-05-02,50,False
2012-05-03,41,False
2012-05-04,41,False
2012-05-05,51,False
2012-05-06,100,False
2012-05-07,70,False
2012-05-08,45,False
2012-05-09,45,False
2012-05-10,52,False
2012-05-11,55,False
2012-05-12,65,False
2012-05-13,67,False
2012-05-14,69,False
2012-05-15,59,False
2012-05-16,41,False
2012-05-17,40,False
2012-05-18,59,False
2012-05-19,46,False
2012-05-20,43,False
2012-05-21,54,False
2012-05-22,50,False
2012-05-23,52,False
2012-05-24,46,False
2012-05-25,46,False
2012-05-26,35,False
2012-05-27,43,False
2012-05-28,41,False
2012-05-29,46,False
2012-05-30,44,False
2012-05-31,38,False
2012-06-01,78,False
2012-06-02,46,False
2012-06-03,62,False
2012-06-04,54,False
2012-06-05,71,False
2012-06-06,70,False
2012-06-07,72,False
2012-06-08,81,False
2012-06-09,92,False
2012-06-10,85,False
2012-06-11,91,False
2012-06-12,87,False
2012-06-13,100,False
2012-06-14,82,False
2012-06-15,73,False
2012-06-16,93,False
2012-06-17,89,False
2012-06-18,78,False
2012-06-19,90,False
2012-06-20,78,False
2012-06-21,78,False
2012-06-22,74,False
2012-06-23,90,False
2012-06-24,92,False
2012-06-25,79,False
2012-06-26,83,False
2012-06-27,84,False
2012-06-28,75,False
2012-06-29,74,False
2012-06-30,80,False
2012-07-01,89,False
2012-07-02,66,False
2012-07-03,57,False
2012-07-04,65,False
2012-07-05,54,False
2012-07-06,56,False
2012-07-07,67,False
2012-07-08,63,False
2012-07-09,91,False
2012-07-10,60,False
2012-07-11,76,False
2012-07-12,73,False
2012-07-13,74,False
2012-07-14,63,False
2012-07-15,72,False
2012-07-16,71,False
2012-07-17,84,False
2012-07-18,99,False
2012-07-19,95,False
2012-07-20,100,False
2012-07-21,99,False
2012-07-22,66,False
2012-07-23,77,False
2012-07-24,65,False
2012-07-25,66,False
2012-07-26,83,False
2012-07-27,81,False
2012-07-28,58,False
2012-07-29,66,False
2012-07-30,63,False
2012-07-31,92,False
2012-08-01,48,False
2012-08-02,59,False
2012-08-03,64,False
2012-08-04,48,False
2012-08-05,60,False
2012-08-06,54,False
2012-08-07,51,False
2012-08-08,56,False
2012-08-09,67,False
2012-08-10,67,False
2012-08-11,57,False
2012-08-12,58,False
2012-08-13,55,False
2012-08-14,65,False
2012-08-15,74,False
2012-08-16,68,False
2012-08-17,86,False
2012-08-18,74,False
2012-08-19,85,False
2012-08-20,70,False
2012-08-21,100,False
2012-08-22,81,False
2012-08-23,75,False
2012-08-24,79,False
2012-08-25,69,False
2012-08-26,65,False
2012-08-27,66,False
2012-08-28,52,False
2012-08-29,74,False
2012-08-30,63,False
2012-08-31,45,False
2012-09-01,32,False
2012-09-02,27,False
2012-09-03,29,False
2012-09-04,31,False
2012-09-05,100,False
2012-09-06,93,False
2012-09-07,58,False
2012-09-08,47,False
2012-09-09,53,False
2012-09-10,36,False
2012-09-11,35,False
2012-09-12,36,False
2012-09-13,30,False
2012-09-14,35,False
2012-09-15,35,False
2012-09-16,40,False
2012-09-17,37,False
2012-09-18,43,False
2012-09-19,46,False
2012-09-20,35,False
2012-09-21,35,False
2012-09-22,32,False
2012-09-23,41,False
2012-09-24,36,False
2012-09-25,36,False
2012-09-26,40,False
2012-09-27,38,False
2012-09-28,38,False
2012-09-29,34,False
2012-09-30,31,False
2012-10-01,89,False
2012-10-02,93,False
2012-10-03,100,False
2012-10-04,69,False
2012-10-05,76,False
2012-10-06,73,False
2012-10-07,66,False
2012-10-08,74,False
2012-10-09,71,False
2012-10-10,76,False
2012-10-11,94,False
2012-10-12,95,False
2012-10-13,61,False
2012-10-14,65,False
2012-10-15,77,False
2012-10-16,65,False
2012-10-17,70,False
2012-10-18,68,False
2012-10-19,87,False
2012-10-20,77,False
2012-10-21,73,False
2012-10-22,62,False
2012-10-23,71,False
2012-10-24,75,False
2012-10-25,67,False
2012-10-26,51,False
2012-10-27,58,False
2012-10-28,60,False
2012-10-29,54,False
2012-10-30,59,False
2012-10-31,60,False
2012-11-01,37,False
2012-11-02,42,False
2012-11-03,40,False
2012-11-04,60,False
2012-11-05,52,False
2012-11-06,46,False
2012-11-07,46,False
2012-11-08,45,False
2012-11-09,40,False
2012-11-10,53,False
2012-11-11,47,False
2012-11-12,53,False
2012-11-13,51,False
2012-11-14,49,False
2012-11-15,41,False
2012-11-16,80,False
2012-11-17,74,False
2012-11-18,52,False
2012-11-19,59,False
2012-11-20,57,False
2012-11-21,50,False
2012-11-22,46,False
2012-11-23,50,False
2012-11-24,54,False
2012-11-25,57,False
2012-11-26,70,False
2012-11-27,62,False
2012-11-28,100,False
2012-11-29,68,False
2012-11-30,57,False
2012-12-01,52,False
2012-12-02,54,False
2012-12-03,49,False
2012-12-04,46,False
2012-12-05,53,False
2012-12-06,52,False
2012-12-07,60,False
2012-12-08,84,False
2012-12-09,100,False
2012-12-10,78,False
2012-12-11,74,False
2012-12-12,69,False
2012-12-13,58,False
2012-12-14,58,False
2012-12-15,49,False
2012-12-16,56,False
2012-12-17,44,False
2012-12-18,51,False
2012-12-19,41,False
2012-12-20,39,False
2012-12-21,35,False
2012-12-22,41,False
2012-12-23,48,False
2012-12-24,45,False
2012-12-25,44,False
2012-12-26,45,False
2012-12-27,47,False
2012-12-28,45,False
2012-12-29,46,False
2012-12-30,46,False
2012-12-31,38,False
2013-01-01,40,False
2013-01-02,52,False
2013-01-03,65,False
2013-01-04,68,False
2013-01-05,76,False
2013-01-06,75,False
2013-01-07,63,False
2013-01-08,66,False
2013-01-09,66,False
2013-01-10,67,False
2013-01-11,56,False
2013-01-12,62,False
2013-01-13,70,False
2013-01-14,61,False
2013-01-15,49,False
2013-01-16,57,False
2013-01-17,73,False
2013-01-18,59,False
2013-01-19,61,False
2013-01-20,60,False
2013-01-21,63,False
2013-01-22,63,False
2013-01-23,71,False
2013-01-24,86,False
2013-01-25,60,False
2013-01-26,64,False
2013-01-27,70,False
2013-01-28,75,False
2013-01-29,83,False
2013-01-30,74,False
2013-01-31,100,False
2013-02-01,69,False
2013-02-02,74,False
2013-02-03,70,False
2013-02-04,65,False
2013-02-05,51,False
2013-02-06,64,False
2013-02-07,54,False
2013-02-08,54,False
2013-02-09,57,False
2013-02-10,63,False
2013-02-11,53,False
2013-02-12,78,False
2013-02-13,65,False
2013-02-14,80,False
2013-02-15,77,False
2013-02-16,74,False
2013-02-17,83,False
2013-02-18,92,False
2013-02-19,79,False
2013-02-20,84,False
2013-02-21,82,False
2013-02-22,81,False
2013-02-23,88,False
2013-02-24,71,False
2013-02-25,77,False
2013-02-26,78,False
2013-02-27,73,False
2013-02-28,100,False
2013-03-01,25,False
2013-03-02,21,False
2013-03-03,22,False
2013-03-04,21,False
2013-03-05,27,False
2013-03-06,35,False
2013-03-07,35,False
2013-03-08,31,False
2013-03-09,27,False
2013-03-10,31,False
2013-03-11,32,False
2013-03-12,47,False
2013-03-13,33,False
2013-03-14,26,False
2013-03-15,26,False
2013-03-16,24,False
2013-03-17,28,False
2013-03-18,32,False
2013-03-19,38,False
2013-03-20,45,False
2013-03-21,61,False
2013-03-22,67,False
2013-03-23,68,False
2013-03-24,55,False
2013-03-25,58,False
2013-03-26,60,False
2013-03-27,72,False
2013-03-28,89,False
2013-03-29,100,False
2013-03-30,88,False
2013-03-31,85,False
2013-04-01,27,False
2013-04-02,31,False
2013-04-03,46,False
2013-04-04,45,False
2013-04-05,38,False
2013-04-06,29,False
2013-04-07,30,False
2013-04-08,44,False
2013-04-09,55,False
2013-04-10,85,False
2013-04-11,100,False
2013-04-12,86,False
2013-04-13,54,False
2013-04-14,45,False
2013-04-15,45,False
2013-04-16,39,False
2013-04-17,35,False
2013-04-18,32,False
2013-04-19,26,False
2013-04-20,21,False
2013-04-21,21,False
2013-04-22,21,False
2013-04-23,25,False
2013-04-24,23,False
2013-04-25,21,False
2013-04-26,20,False
2013-04-27,17,False
2013-04-28,18,False
2013-04-29,18,False
2013-04-30,17,False
2013-05-01,92,False
2013-05-02,95,False
2013-05-03,100,False
2013-05-04,72,False
2013-05-05,72,False
2013-05-06,77,False
2013-05-07,67,False
2013-05-08,64,False
2013-05-09,69,False
2013-05-10,62,False
2013-05-11,56,False
2013-05-12,63,False
2013-05-13,64,False
2013-05-14,65,False
2013-05-15,75,False
2013-05-16,68,False
2013-05-17,65,False
2013-05-18,64,False
2013-05-19,69,False
2013-05-20,69,False
2013-05-21,58,False
2013-05-22,56,False
2013-05-23,53,False
2013-05-24,55,False
2013-05-25,50,False
2013-05-26,48,False
2013-05-27,47,False
2013-05-28,63,False
2013-05-29,66,False
2013-05-30,59,False
2013-05-31,56,False
2013-06-01,86,False
2013-06-02,100,False
2013-06-03,91,False
2013-06-04,84,False
2013-06-05,80,False
2013-06-06,83,False
2013-06-07,83,False
2013-06-08,78,False
2013-06-09,99,False
2013-06-10,94,False
2013-06-11,97,False
2013-06-12,84,False
2013-06-13,78,False
2013-06-14,71,False
2013-06-15,74,False
2013-06-16,70,False
2013-06-17,69,False
2013-06-18,79,False
2013-06-19,72,False
2013-06-20,71,False
2013-06-21,72,False
2013-06-22,70,False
2013-06-23,80,False
2013-06-24,86,False
2013-06-25,79,False
2013-06-26,73,False
2013-06-27,79,False
2013-06-28,78,False
2013-06-29,68,False
2013-06-30,91,False
2013-07-01,64,False
2013-07-02,100,False
2013-07-03,71,False
2013-07-04,59,False
2013-07-05,59,False
2013-07-06,57,False
2013-07-07,53,False
2013-07-08,50,False
2013-07-09,50,False
2013-07-10,52,False
2013-07-11,45,False
2013-07-12,49,False
2013-07-13,44,False
2013-07-14,43,False
2013-07-15,46,False
2013-07-16,46,False
2013-07-17,44,False
2013-07-18,41,False
2013-07-19,44,False
2013-07-20,38,False
2013-07-21,41,False
2013-07-22,47,False
2013-07-23,49,False
2013-07-24,48,False
2013-07-25,46,False
2013-07-26,45,False
2013-07-27,39,False
2013-07-28,43,False
2013-07-29,46,False
2013-07-30,51,False
2013-07-31,57,False
2013-08-01,62,False
2013-08-02,60,False
2013-08-03,60,False
2013-08-04,72,False
2013-08-05,72,False
2013-08-06,63,False
2013-08-07,60,False
2013-08-08,70,False
2013-08-09,66,False
2013-08-10,60,False
2013-08-11,66,False
2013-08-12,77,False
2013-08-13,83,False
2013-08-14,100,False
2013-08-15,87,False
2013-08-16,79,False
2013-08-17,74,False
2013-08-18,79,False
2013-08-19,91,False
2013-08-20,90,False
2013-08-21,89,False
2013-08-22,83,False
2013-08-23,74,False
2013-08-24,64,False
2013-08-25,68,False
2013-08-26,71,False
2013-08-27,77,False
2013-08-28,83,False
2013-08-29,70,False
2013-08-30,68,False
2013-08-31,73,False
2013-09-01,89,False
2013-09-02,82,False
2013-09-03,85,False
2013-09-04,87,False
2013-09-05,90,False
2013-09-06,92,False
2013-09-07,77,False
2013-09-08,85,False
2013-09-09,92,False
2013-09-10,72,False
2013-09-11,80,False
2013-09-12,80,False
2013-09-13,73,False
2013-09-14,72,False
2013-09-15,70,False
2013-09-16,83,False
2013-09-17,80,False
2013-09-18,77,False
2013-09-19,72,False
2013-09-20,100,False
2013-09-21,83,False
2013-09-22,82,False
2013-09-23,83,False
2013-09-24,89,False
2013-09-25,81,False
2013-09-26,84,False
2013-09-27,74,False
2013-09-28,75,False
2013-09-29,75,False
2013-09-30,88,False
2013-10-01,14,False
2013-10-02,34,False
2013-10-03,53,False
2013-10-04,34,False
2013-10-05,24,False
2013-10-06,22,False
2013-10-07,22,False
2013-10-08,22,False
2013-10-09,21,False
2013-10-10,18,False
2013-10-11,16,False
2013-10-12,16,False
2013-10-13,15,False
2013-10-14,18,False
2013-10-15,20,False
2013-10-16,20,False
2013-10-17,19,False
2013-10-18,17,False
2013-10-19,20,False
2013-10-20,19,False
2013-10-21,21,False
2013-10-22,25,False
2013-10-23,24,False
2013-10-24,25,False
2013-10-25,23,False
2013-10-26,28,False
2013-10-27,26,False
2013-10-28,30,False
2013-10-29,65,False
2013-10-30,100,False
2013-10-31,72,False
2013-11-01,20,False
2013-11-02,16,False
2013-11-03,15,False
2013-11-04,18,False
2013-11-05,19,False
2013-11-06,22,False
2013-11-07,25,False
2013-11-08,25,False
2013-11-09,26,False
2013-11-10,22,False
2013-11-11,20,False
2013-11-12,20,False
2013-11-13,24,False
2013-11-14,25,False
2013-11-15,25,False
2013-11-16,23,False
2013-11-17,27,False
2013-11-18,57,False
2013-11-19,86,False
2013-11-20,55,False
2013-11-21,45,False
2013-11-22,46,False
2013-11-23,42,False
2013-11-24,37,False
2013-11-25,39,False
2013-11-26,40,False
2013-11-27,67,False
2013-11-28,100,False
2013-11-29,91,False
2013-11-30,68,False
2013-12-01,78,False
2013-12-02,82,False
2013-12-03,73,False
2013-12-04,67,False
2013-12-05,94,False
2013-12-06,86,False
2013-12-07,91,False
2013-12-08,66,False
2013-12-09,63,False
2013-12-10,60,False
2013-12-11,59,False
2013-12-12,54,False
2013-12-13,55,False
2013-12-14,46,False
2013-12-15,49,False
2013-12-16,56,False
2013-12-17,55,False
2013-12-18,100,False
2013-12-19,70,False
2013-12-20,50,False
2013-12-21,46,False
2013-12-22,45,False
2013-12-23,43,False
2013-12-24,41,False
2013-12-25,37,False
2013-12-26,37,False
2013-12-27,37,False
2013-12-28,36,False
2013-12-29,33,False
2013-12-30,35,False
2013-12-31,34,False
2014-01-01,61,False
2014-01-02,64,False
2014-01-03,73,False
2014-01-04,62,False
2014-01-05,71,False
2014-01-06,91,False
2014-01-07,80,False
2014-01-08,81,False
2014-01-09,80,False
2014-01-10,80,False
2014-01-11,69,False
2014-01-12,70,False
2014-01-13,67,False
2014-01-14,73,False
2014-01-15,73,False
2014-01-16,84,False
2014-01-17,83,False
2014-01-18,63,False
2014-01-19,67,False
2014-01-20,77,False
2014-01-21,80,False
2014-01-22,87,False
2014-01-23,78,False
2014-01-24,75,False
2014-01-25,63,False
2014-01-26,63,False
2014-01-27,90,False
2014-01-28,100,False
2014-01-29,74,False
2014-01-30,68,False
2014-01-31,60,False
2014-02-01,26,False
2014-02-02,28,False
2014-02-03,27,False
2014-02-04,29,False
2014-02-05,28,False
2014-02-06,30,False
2014-02-07,43,False
2014-02-08,33,False
2014-02-09,31,False
2014-02-10,47,False
2014-02-11,46,False
2014-02-12,38,False
2014-02-13,35,False
2014-02-14,45,False
2014-02-15,33,False
2014-02-16,33,False
2014-02-17,32,False
2014-02-18,35,False
2014-02-19,34,False
2014-02-20,37,False
2014-02-21,33,False
2014-02-22,28,False
2014-02-23,28,False
2014-02-24,43,False
2014-02-25,100,False
2014-02-26,77,False
2014-02-27,47,False
2014-02-28,66,False
2014-03-01,63,False
2014-03-02,47,False
2014-03-03,48,False
2014-03-04,51,False
2014-03-05,56,False
2014-03-06,83,False
2014-03-07,100,False
2014-03-08,50,False
2014-03-09,39,False
2014-03-10,39,False
2014-03-11,36,False
2014-03-12,34,False
2014-03-13,33,False
2014-03-14,30,False
2014-03-15,26,False
2014-03-16,25,False
2014-03-17,27,False
2014-03-18,28,False
2014-03-19,28,False
2014-03-20,30,False
2014-03-21,37,False
2014-03-22,29,False
2014-03-23,26,False
2014-03-24,27,False
2014-03-25,34,False
2014-03-26,34,False
2014-03-27,33,False
2014-03-28,31,False
2014-03-29,25,False
2014-03-30,28,False
2014-03-31,28,False
2014-04-01,85,False
2014-04-02,92,False
2014-04-03,89,False
2014-04-04,75,False
2014-04-05,63,False
2014-04-06,70,False
2014-04-07,73,False
2014-04-08,76,False
2014-04-09,85,False
2014-04-10,100,False
2014-04-11,90,False
2014-04-12,68,False
2014-04-13,70,False
2014-04-14,76,False
2014-04-15,76,False
2014-04-16,84,False
2014-04-17,79,False
2014-04-18,69,False
2014-04-19,68,False
2014-04-20,61,False
2014-04-21,67,False
2014-04-22,64,False
2014-04-23,68,False
2014-04-24,64,False
2014-04-25,67,False
2014-04-26,59,False
2014-04-27,59,False
2014-04-28,61,False
2014-04-29,63,False
2014-04-30,67,False
2014-05-01,96,False
2014-05-02,75,False
2014-05-03,70,False
2014-05-04,78,False
2014-05-05,86,False
2014-05-06,85,False
2014-05-07,79,False
2014-05-08,84,False
2014-05-09,86,False
2014-05-10,70,False
2014-05-11,69,False
2014-05-12,71,False
2014-05-13,82,False
2014-05-14,79,False
2014-05-15,76,False
2014-05-16,84,False
2014-05-17,70,False
2014-05-18,73,False
2014-05-19,74,False
2014-05-20,85,False
2014-05-21,82,False
2014-05-22,89,False
2014-05-23,83,False
2014-05-24,69,False
2014-05-25,90,False
2014-05-26,99,False
2014-05-27,95,False
2014-05-28,96,False
2014-05-29,100,False
2014-05-30,95,False
2014-05-31,86,False
2014-06-01,86,False
2014-06-02,83,False
2014-06-03,94,False
2014-06-04,86,False
2014-06-05,84,False
2014-06-06,74,False
2014-06-07,67,False
2014-06-08,71,False
2014-06-09,66,False
2014-06-10,80,False
2014-06-11,86,False
2014-06-12,97,False
2014-06-13,100,False
2014-06-14,82,False
2014-06-15,84,False
2014-06-16,89,False
2014-06-17,88,False
2014-06-18,85,False
2014-06-19,85,False
2014-06-20,71,False
2014-06-21,59,False
2014-06-22,68,False
2014-06-23,64,False
2014-06-24,63,False
2014-06-25,66,False
2014-06-26,62,False
2014-06-27,83,False
2014-06-28,68,False
2014-06-29,65,False
2014-06-30,75,False
2014-07-01,93,False
2014-07-02,100,False
2014-07-03,85,False
2014-07-04,82,False
2014-07-05,64,False
2014-07-06,79,False
2014-07-07,87,False
2014-07-08,78,False
2014-07-09,73,False
2014-07-10,81,False
2014-07-11,81,False
2014-07-12,72,False
2014-07-13,67,False
2014-07-14,74,False
2014-07-15,78,False
2014-07-16,90,False
2014-07-17,88,False
2014-07-18,87,False
2014-07-19,82,False
2014-07-20,81,False
2014-07-21,82,False
2014-07-22,87,False
2014-07-23,79,False
2014-07-24,79,False
2014-07-25,80,False
2014-07-26,68,False
2014-07-27,74,False
2014-07-28,79,False
2014-07-29,80,False
2014-07-30,86,False
2014-07-31,85,False
2014-08-01,65,False
2014-08-02,59,False
2014-08-03,62,False
2014-08-04,58,False
2014-08-05,68,False
2014-08-06,72,False
2014-08-07,72,False
2014-08-08,67,False
2014-08-09,57,False
2014-08-10,61,False
2014-08-11,69,False
2014-08-12,73,False
2014-08-13,100,False
2014-08-14,83,False
2014-08-15,82,False
2014-08-16,84,False
2014-08-17,72,False
2014-08-18,85,False
2014-08-19,79,False
2014-08-20,79,False
2014-08-21,69,False
2014-08-22,75,False
2014-08-23,68,False
2014-08-24,65,False
2014-08-25,63,False
2014-08-26,70,False
2014-08-27,61,False
2014-08-28,65,False
2014-08-29,65,False
2014-08-30,63,False
2014-08-31,67,False
2014-09-01,80,False
2014-09-02,76,False
2014-09-03,77,False
2014-09-04,78,False
2014-09-05,76,False
2014-09-06,68,False
2014-09-07,63,False
2014-09-08,71,False
2014-09-09,86,False
2014-09-10,100,False
2014-09-11,100,False
2014-09-12,80,False
2014-09-13,67,False
2014-09-14,71,False
2014-09-15,72,False
2014-09-16,70,False
2014-09-17,71,False
2014-09-18,72,False
2014-09-19,86,False
2014-09-20,71,False
2014-09-21,71,False
2014-09-22,71,False
2014-09-23,86,False
2014-09-24,92,False
2014-09-25,79,False
2014-09-26,70,False
2014-09-27,60,False
2014-09-28,71,False
2014-09-29,82,False
2014-09-30,76,False
2014-10-01,69,False
2014-10-02,69,False
2014-10-03,73,False
2014-10-04,72,False
2014-10-05,92,False
2014-10-06,100,False
2014-10-07,83,False
2014-10-08,79,False
2014-10-09,80,False
2014-10-10,78,False
2014-10-11,69,False
2014-10-12,67,False
2014-10-13,68,False
2014-10-14,79,False
2014-10-15,74,False
2014-10-16,71,False
2014-10-17,66,False
2014-10-18,60,False
2014-10-19,61,False
2014-10-20,64,False
2014-10-21,66,False
2014-10-22,67,False
2014-10-23,67,False
2014-10-24,59,False
2014-10-25,58,False
2014-10-26,63,False
2014-10-27,60,False
2014-10-28,62,False
2014-10-29,64,False
2014-10-30,60,False
2014-10-31,56,False
2014-11-01,63,False
2014-11-02,64,False
2014-11-03,72,False
2014-11-04,70,False
2014-11-05,68,False
2014-11-06,81,False
2014-11-07,78,False
2014-11-08,74,False
2014-11-09,78,False
2014-11-10,86,False
2014-11-11,78,False
2014-11-12,96,False
2014-11-13,100,False
2014-11-14,79,False
2014-11-15,74,False
2014-11-16,73,False
2014-11-17,77,False
2014-11-18,82,False
2014-11-19,75,False
2014-11-20,71,False
2014-11-21,73,False
2014-11-22,71,False
2014-11-23,62,False
2014-11-24,75,False
2014-11-25,71,False
2014-11-26,68,False
2014-11-27,68,False
2014-11-28,69,False
2014-11-29,60,False
2014-11-30,65,False
2014-12-01,43,False
2014-12-02,46,False
2014-12-03,47,False
2014-12-04,43,False
2014-12-05,40,False
2014-12-06,37,False
2014-12-07,46,False
2014-12-08,45,False
2014-12-09,43,False
2014-12-10,42,False
2014-12-11,61,False
2014-12-12,55,False
2014-12-13,47,False
2014-12-14,45,False
2014-12-15,45,False
2014-12-16,50,False
2014-12-17,49,False
2014-12-18,48,False
2014-12-19,45,False
2014-12-20,41,False
2014-12-21,45,False
2014-12-22,45,False
2014-12-23,45,False
2014-12-24,42,False
2014-12-25,42,False
2014-12-26,50,False
2014-12-27,100,False
2014-12-28,43,False
2014-12-29,43,False
2014-12-30,45,False
2014-12-31,43,False
2015-01-01,48,False
2015-01-02,56,False
2015-01-03,58,False
2015-01-04,65,False
2015-01-05,70,False
2015-01-06,74,False
2015-01-07,61,False
2015-01-08,55,False
2015-01-09,58,False
2015-01-10,57,False
2015-01-11,50,False
2015-01-12,54,False
2015-01-13,67,False
2015-01-14,100,False
2015-01-15,86,False
2015-01-16,72,False
2015-01-17,59,False
2015-01-18,55,False
2015-01-19,54,False
2015-01-20,58,False
2015-01-21,66,False
2015-01-22,60,False
2015-01-23,57,False
2015-01-24,59,False
2015-01-25,57,False
2015-01-26,78,False
2015-01-27,68,False
2015-01-28,64,False
2015-01-29,59,False
2015-01-30,56,False
2015-01-31,49,False
2015-02-01,66,False
2015-02-02,60,False
2015-02-03,65,False
2015-02-04,65,False
2015-02-05,72,False
2015-02-06,65,False
2015-02-07,73,False
2015-02-08,77,False
2015-02-09,73,False
2015-02-10,76,False
2015-02-11,69,False
2015-02-12,68,False
2015-02-13,64,False
2015-02-14,66,False
2015-02-15,66,False
2015-02-16,67,False
2015-02-17,67,False
2015-02-18,71,False
2015-02-19,75,False
2015-02-20,100,False
2015-02-21,68,False
2015-02-22,67,False
2015-02-23,67,False
2015-02-24,63,False
2015-02-25,62,False
2015-02-26,61,False
2015-02-27,61,False
2015-02-28,53,False
2015-03-01,78,False
2015-03-02,83,False
2015-03-03,88,False
2015-03-04,79,False
2015-03-05,87,False
2015-03-06,100,False
2015-03-07,100,False
2015-03-08,88,False
2015-03-09,91,False
2015-03-10,89,False
2015-03-11,95,False
2015-03-12,86,False
2015-03-13,80,False
2015-03-14,77,False
2015-03-15,79,False
2015-03-16,84,False
2015-03-17,82,False
2015-03-18,83,False
2015-03-19,84,False
2015-03-20,77,False
2015-03-21,75,False
2015-03-22,75,False
2015-03-23,78,False
2015-03-24,79,False
2015-03-25,81,False
2015-03-26,75,False
2015-03-27,74,False
2015-03-28,67,False
2015-03-29,71,False
2015-03-30,82,False
2015-03-31,81,False
2015-04-01,100,False
2015-04-02,94,False
2015-04-03,98,False
2015-04-04,91,False
2015-04-05,89,False
2015-04-06,98,False
2015-04-07,99,False
2015-04-08,97,False
2015-04-09,92,False
2015-04-10,94,False
2015-04-11,81,False
2015-04-12,92,False
2015-04-13,94,False
2015-04-14,100,False
2015-04-15,92,False
2015-04-16,87,False
2015-04-17,84,False
2015-04-18,89,False
2015-04-19,83,False
2015-04-20,90,False
2015-04-21,91,False
2015-04-22,97,False
2015-04-23,92,False
2015-04-24,91,False
2015-04-25,83,False
2015-04-26,84,False
2015-04-27,87,False
2015-04-28,89,False
2015-04-29,87,False
2015-04-30,91,False
2015-05-01,77,False
2015-05-02,68,False
2015-05-03,70,False
2015-05-04,77,False
2015-05-05,77,False
2015-05-06,76,False
2015-05-07,77,False
2015-05-08,75,False
2015-05-09,67,False
2015-05-10,75,False
2015-05-11,81,False
2015-05-12,84,False
2015-05-13,74,False
2015-05-14,91,False
2015-05-15,85,False
2015-05-16,81,False
2015-05-17,80,False
2015-05-18,82,False
2015-05-19,90,False
2015-05-20,87,False
2015-05-21,81,False
2015-05-22,79,False
2015-05-23,77,False
2015-05-24,77,False
2015-05-25,78,False
2015-05-26,80,False
2015-05-27,87,False
2015-05-28,74,False
2015-05-29,80,False
2015-05-30,100,False
2015-05-31,82,False
2015-06-01,47,False
2015-06-02,50,False
2015-06-03,46,False
2015-06-04,49,False
2015-06-05,47,False
2015-06-06,45,False
2015-06-07,49,False
2015-06-08,41,False
2015-06-09,48,False
2015-06-10,50,False
2015-06-11,45,False
2015-06-12,44,False
2015-06-13,42,False
2015-06-14,47,False
2015-06-15,45,False
2015-06-16,50,False
2015-06-17,53,False
2015-06-18,100,False
2015-06-19,58,False
2015-06-20,57,False
2015-06-21,49,False
2015-06-22,53,False
2015-06-23,48,False
2015-06-24,44,False
2015-06-25,55,False
2015-06-26,41,False
2015-06-27,50,False
2015-06-28,49,False
2015-06-29,57,False
2015-06-30,73,False
2015-07-01,94,False
2015-07-02,77,False
2015-07-03,84,False
2015-07-04,82,False
2015-07-05,92,False
2015-07-06,93,False
2015-07-07,89,False
2015-07-08,88,False
2015-07-09,84,False
2015-07-10,90,False
2015-07-11,85,False
2015-07-12,100,False
2015-07-13,91,False
2015-07-14,84,False
2015-07-15,80,False
2015-07-16,81,False
2015-07-17,76,False
2015-07-18,75,False
2015-07-19,77,False
2015-07-20,76,False
2015-07-21,72,False
2015-07-22,74,False
2015-07-23,67,False
2015-07-24,76,False
2015-07-25,67,False
2015-07-26,74,False
2015-07-27,83,False
2015-07-28,77,False
2015-07-29,75,False
2015-07-30,65,False
2015-07-31,65,False
2015-08-01,100,False
2015-08-02,85,False
2015-08-03,77,False
2015-08-04,76,False
2015-08-05,67,False
2015-08-06,64,False
2015-08-07,63,False
2015-08-08,65,False
2015-08-09,64,False
2015-08-10,66,False
2015-08-11,63,False
2015-08-12,67,False
2015-08-13,63,False
2015-08-14,56,False
2015-08-15,59,False
2015-08-16,66,False
2015-08-17,64,False
2015-08-18,78,False
2015-08-19,91,False
2015-08-20,80,False
2015-08-21,78,False
2015-08-22,67,False
2015-08-23,75,False
2015-08-24,86,False
2015-08-25,86,False
2015-08-26,77,False
2015-08-27,67,False
2015-08-28,67,False
2015-08-29,69,False
2015-08-30,68,False
2015-08-31,63,False
2015-09-01,89,False
2015-09-02,85,False
2015-09-03,86,False
2015-09-04,85,False
2015-09-05,81,False
2015-09-06,87,False
2015-09-07,84,False
2015-09-08,88,False
2015-09-09,92,False
2015-09-10,87,False
2015-09-11,86,False
2015-09-12,82,False
2015-09-13,79,False
2015-09-14,89,False
2015-09-15,87,False
2015-09-16,89,False
2015-09-17,94,False
2015-09-18,98,False
2015-09-19,85,False
2015-09-20,81,False
2015-09-21,91,False
2015-09-22,100,False
2015-09-23,87,False
2015-09-24,88,False
2015-09-25,90,False
2015-09-26,87,False
2015-09-27,88,False
2015-09-28,88,False
2015-09-29,89,False
2015-09-30,92,False
2015-10-01,60,False
2015-10-02,59,False
2015-10-03,54,False
2015-10-04,62,False
2015-10-05,64,False
2015-10-06,67,False
2015-10-07,66,False
2015-10-08,66,False
2015-10-09,63,False
2015-10-10,60,False
2015-10-11,61,False
2015-10-12,60,False
2015-10-13,61,False
2015-10-14,66,False
2015-10-15,60,False
2015-10-16,66,False
2015-10-17,70,False
2015-10-18,65,False
2015-10-19,65,False
2015-10-20,70,False
2015-10-21,67,False
2015-10-22,75,False
2015-10-23,74,False
2015-10-24,72,False
2015-10-25,78,False
2015-10-26,74,False
2015-10-27,80,False
2015-10-28,77,False
2015-10-29,91,False
2015-10-30,100,False
2015-10-31,82,False
2015-11-01,48,False
2015-11-02,53,False
2015-11-03,77,False
2015-11-04,100,False
2015-11-05,90,False
2015-11-06,68,False
2015-11-07,55,False
2015-11-08,48,False
2015-11-09,56,False
2015-11-10,52,False
2015-11-11,56,False
2015-11-12,49,False
2015-11-13,47,False
2015-11-14,38,False
2015-11-15,41,False
2015-11-16,46,False
2015-11-17,43,False
2015-11-18,46,False
2015-11-19,47,False
2015-11-20,45,False
2015-11-21,42,False
2015-11-22,40,False
2015-11-23,44,False
2015-11-24,43,False
2015-11-25,41,False
2015-11-26,45,False
2015-11-27,41,False
2015-11-28,41,False
2015-11-29,42,False
2015-11-30,46,False
2015-12-01,37,False
2015-12-02,34,False
2015-12-03,36,False
2015-12-04,31,False
2015-12-05,34,False
2015-12-06,35,False
2015-12-07,38,False
2015-12-08,43,False
2015-12-09,100,False
2015-12-10,64,False
2015-12-11,52,False
2015-12-12,46,False
2015-12-13,42,False
2015-12-14,44,False
2015-12-15,46,False
2015-12-16,42,False
2015-12-17,42,False
2015-12-18,40,False
2015-12-19,38,False
2015-12-20,38,False
2015-12-21,37,False
2015-12-22,36,False
2015-12-23,42,False
2015-12-24,40,False
2015-12-25,38,False
2015-12-26,38,False
2015-12-27,38,False
2015-12-28,41,False
2015-12-29,39,False
2015-12-30,36,False
2015-12-31,35,False
2016-01-01,60,False
2016-01-02,63,False
2016-01-03,64,False
2016-01-04,69,False
2016-01-05,68,False
2016-01-06,67,False
2016-01-07,81,False
2016-01-08,75,False
2016-01-09,64,False
2016-01-10,64,False
2016-01-11,67,False
2016-01-12,67,False
2016-01-13,71,False
2016-01-14,69,False
2016-01-15,100,False
2016-01-16,95,False
2016-01-17,81,False
2016-01-18,82,False
2016-01-19,76,False
2016-01-20,83,False
2016-01-21,79,False
2016-01-22,74,False
2016-01-23,67,False
2016-01-24,63,False
2016-01-25,66,False
2016-01-26,65,False
2016-01-27,67,False
2016-01-28,67,False
2016-01-29,66,False
2016-01-30,57,False
2016-01-31,60,False
2016-02-01,75,False
2016-02-02,79,False
2016-02-03,79,False
2016-02-04,79,False
2016-02-05,71,False
2016-02-06,73,False
2016-02-07,77,False
2016-02-08,71,False
2016-02-09,75,False
2016-02-10,78,False
2016-02-11,79,False
2016-02-12,79,False
2016-02-13,72,False
2016-02-14,80,False
2016-02-15,83,False
2016-02-16,87,False
2016-02-17,87,False
2016-02-18,100,False
2016-02-19,84,False
2016-02-20,87,False
2016-02-21,85,False
2016-02-22,88,False
2016-02-23,85,False
2016-02-24,85,False
2016-02-25,79,False
2016-02-26,80,False
2016-02-27,76,False
2016-02-28,72,False
2016-02-29,77,False
2016-03-01,96,False
2016-03-02,90,False
2016-03-03,100,False
2016-03-04,94,False
2016-03-05,92,False
2016-03-06,80,False
2016-03-07,94,False
2016-03-08,90,False
2016-03-09,90,False
2016-03-10,89,False
2016-03-11,87,False
2016-03-12,81,False
2016-03-13,81,False
2016-03-14,86,False
2016-03-15,95,False
2016-03-16,89,False
2016-03-17,89,False
2016-03-18,83,False
2016-03-19,74,False
2016-03-20,73,False
2016-03-21,85,False
2016-03-22,87,False
2016-03-23,82,False
2016-03-24,85,False
2016-03-25,86,False
2016-03-26,79,False
2016-03-27,80,False
2016-03-28,90,False
2016-03-29,89,False
2016-03-30,87,False
2016-03-31,90,False
2016-04-01,77,False
2016-04-02,74,False
2016-04-03,73,False
2016-04-04,76,False
2016-04-05,81,False
2016-04-06,77,False
2016-04-07,78,False
2016-04-08,75,False
2016-04-09,76,False
2016-04-10,76,False
2016-04-11,82,False
2016-04-12,82,False
2016-04-13,76,False
2016-04-14,79,False
2016-04-15,74,False
2016-04-16,69,False
2016-04-17,70,False
2016-04-18,71,False
2016-04-19,70,False
2016-04-20,78,False
2016-04-21,82,False
2016-04-22,85,False
2016-04-23,88,False
2016-04-24,84,False
2016-04-25,85,False
2016-04-26,91,False
2016-04-27,90,False
2016-04-28,100,False
2016-04-29,86,False
2016-04-30,78,False
2016-05-01,31,False
2016-05-02,100,False
2016-05-03,61,False
2016-05-04,43,False
2016-05-05,44,False
2016-05-06,42,False
2016-05-07,36,False
2016-05-08,34,False
2016-05-09,37,False
2016-05-10,37,False
2016-05-11,34,False
2016-05-12,34,False
2016-05-13,33,False
2016-05-14,31,False
2016-05-15,29,False
2016-05-16,32,False
2016-05-17,32,False
2016-05-18,33,False
2016-05-19,35,False
2016-05-20,32,False
2016-05-21,29,False
2016-05-22,30,False
2016-05-23,32,False
2016-05-24,31,False
2016-05-25,31,False
2016-05-26,31,False
2016-05-27,34,False
2016-05-28,39,False
2016-05-29,45,False
2016-05-30,45,False
2016-05-31,47,False
2016-06-01,52,False
2016-06-02,49,False
2016-06-03,55,False
2016-06-04,55,False
2016-06-05,49,False
2016-06-06,56,False
2016-06-07,54,False
2016-06-08,50,False
2016-06-09,50,False
2016-06-10,45,False
2016-06-11,46,False
2016-06-12,69,False
2016-06-13,86,False
2016-06-14,71,False
2016-06-15,63,False
2016-06-16,79,False
2016-06-17,79,False
2016-06-18,67,False
2016-06-19,61,False
2016-06-20,66,False
2016-06-21,73,False
2016-06-22,64,False
2016-06-23,68,False
2016-06-24,100,False
2016-06-25,71,False
2016-06-26,56,False
2016-06-27,61,False
2016-06-28,61,False
2016-06-29,53,False
2016-06-30,58,False
2016-07-01,77,False
2016-07-02,75,False
2016-07-03,80,False
2016-07-04,75,False
2016-07-05,75,False
2016-07-06,74,False
2016-07-07,83,False
2016-07-08,79,False
2016-07-09,100,False
2016-07-10,80,False
2016-07-11,75,False
2016-07-12,69,False
2016-07-13,69,False
2016-07-14,66,False
2016-07-15,62,False
2016-07-16,58,False
2016-07-17,65,False
2016-07-18,65,False
2016-07-19,66,False
2016-07-20,63,False
2016-07-21,59,False
2016-07-22,60,False
2016-07-23,55,False
2016-07-24,59,False
2016-07-25,57,False
2016-07-26,65,False
2016-07-27,65,False
2016-07-28,62,False
2016-07-29,60,False
2016-07-30,57,False
2016-07-31,59,False
2016-08-01,46,False
2016-08-02,56,False
2016-08-03,100,False
2016-08-04,64,False
2016-08-05,53,False
2016-08-06,44,False
2016-08-07,52,False
2016-08-08,48,False
2016-08-09,46,False
2016-08-10,45,False
2016-08-11,40,False
2016-08-12,41,False
2016-08-13,39,False
2016-08-14,39,False
2016-08-15,42,False
2016-08-16,40,False
2016-08-17,43,False
2016-08-18,43,False
2016-08-19,43,False
2016-08-20,37,False
2016-08-21,37,False
2016-08-22,43,False
2016-08-23,44,False
2016-08-24,42,False
2016-08-25,43,False
2016-08-26,39,False
2016-08-27,44,False
2016-08-28,43,False
2016-08-29,40,False
2016-08-30,42,False
2016-08-31,41,False
2016-09-01,79,False
2016-09-02,78,False
2016-09-03,81,False
2016-09-04,91,False
2016-09-05,86,False
2016-09-06,84,False
2016-09-07,85,False
2016-09-08,100,False
2016-09-09,94,False
2016-09-10,92,False
2016-09-11,91,False
2016-09-12,91,False
2016-09-13,93,False
2016-09-14,83,False
2016-09-15,87,False
2016-09-16,86,False
2016-09-17,82,False
2016-09-18,88,False
2016-09-19,82,False
2016-09-20,91,False
2016-09-21,87,False
2016-09-22,85,False
2016-09-23,87,False
2016-09-24,80,False
2016-09-25,82,False
2016-09-26,87,False
2016-09-27,86,False
2016-09-28,82,False
2016-09-29,83,False
2016-09-30,85,False
2016-10-01,67,False
2016-10-02,62,False
2016-10-03,67,False
2016-10-04,69,False
2016-10-05,69,False
2016-10-06,69,False
2016-10-07,71,False
2016-10-08,68,False
2016-10-09,67,False
2016-10-10,68,False
2016-10-11,75,False
2016-10-12,82,False
2016-10-13,77,False
2016-10-14,68,False
2016-10-15,70,False
2016-10-16,67,False
2016-10-17,75,False
2016-10-18,71,False
2016-10-19,70,False
2016-10-20,71,False
2016-10-21,65,False
2016-10-22,72,False
2016-10-23,77,False
2016-10-24,76,False
2016-10-25,79,False
2016-10-26,80,False
2016-10-27,84,False
2016-10-28,91,False
2016-10-29,100,False
2016-10-30,89,False
2016-10-31,85,False
2016-11-01,81,False
2016-11-02,77,False
2016-11-03,80,False
2016-11-04,72,False
2016-11-05,74,False
2016-11-06,69,False
2016-11-07,70,False
2016-11-08,66,False
2016-11-09,100,False
2016-11-10,79,False
2016-11-11,70,False
2016-11-12,68,False
2016-11-13,71,False
2016-11-14,78,False
2016-11-15,70,False
2016-11-16,76,False
2016-11-17,80,False
2016-11-18,77,False
2016-11-19,73,False
2016-11-20,75,False
2016-11-21,74,False
2016-11-22,78,False
2016-11-23,75,False
2016-11-24,77,False
2016-11-25,73,False
2016-11-26,69,False
2016-11-27,72,False
2016-11-28,77,False
2016-11-29,76,False
2016-11-30,73,False
2016-12-01,62,False
2016-12-02,65,False
2016-12-03,58,False
2016-12-04,55,False
2016-12-05,61,False
2016-12-06,59,False
2016-12-07,60,False
2016-12-08,62,False
2016-12-09,56,False
2016-12-10,55,False
2016-12-11,53,False
2016-12-12,57,False
2016-12-13,60,False
2016-12-14,59,False
2016-12-15,58,False
2016-12-16,56,False
2016-12-17,58,False
2016-12-18,54,False
2016-12-19,59,False
2016-12-20,61,False
2016-12-21,74,False
2016-12-22,85,False
2016-12-23,100,False
2016-12-24,82,False
2016-12-25,77,False
2016-12-26,76,False
2016-12-27,84,False
2016-12-28,94,False
2016-12-29,94,False
2016-12-30,87,False
2016-12-31,73,False
2017-01-01,46,False
2017-01-02,76,False
2017-01-03,70,False
2017-01-04,85,False
2017-01-05,100,False
2017-01-06,83,False
2017-01-07,72,False
2017-01-08,63,False
2017-01-09,60,False
2017-01-10,55,False
2017-01-11,65,False
2017-01-12,65,False
2017-01-13,54,False
2017-01-14,49,False
2017-01-15,47,False
2017-01-16,47,False
2017-01-17,50,False
2017-01-18,50,False
2017-01-19,48,False
2017-01-20,44,False
2017-01-21,43,False
2017-01-22,43,False
2017-01-23,44,False
2017-01-24,45,False
2017-01-25,46,False
2017-01-26,43,False
2017-01-27,40,False
2017-01-28,43,False
2017-01-29,39,False
2017-01-30,41,False
2017-01-31,45,False
2017-02-01,71,False
2017-02-02,73,False
2017-02-03,76,False
2017-02-04,68,False
2017-02-05,66,False
2017-02-06,69,False
2017-02-07,73,False
2017-02-08,75,False
2017-02-09,85,False
2017-02-10,77,False
2017-02-11,69,False
2017-02-12,63,False
2017-02-13,66,False
2017-02-14,65,False
2017-02-15,63,False
2017-02-16,69,False
2017-02-17,70,False
2017-02-18,71,False
2017-02-19,66,False
2017-02-20,66,False
2017-02-21,80,False
2017-02-22,77,False
2017-02-23,85,False
2017-02-24,100,False
2017-02-25,83,False
2017-02-26,74,False
2017-02-27,80,False
2017-02-28,78,False
2017-03-01,62,False
2017-03-02,74,False
2017-03-03,99,False
2017-03-04,78,False
2017-03-05,68,False
2017-03-06,70,False
2017-03-07,74,False
2017-03-08,78,False
2017-03-09,73,False
2017-03-10,100,False
2017-03-11,80,False
2017-03-12,63,False
2017-03-13,70,False
2017-03-14,63,False
2017-03-15,62,False
2017-03-16,64,False
2017-03-17,67,False
2017-03-18,77,False
2017-03-19,68,False
2017-03-20,65,False
2017-03-21,64,False
2017-03-22,65,False
2017-03-23,62,False
2017-03-24,63,False
2017-03-25,66,False
2017-03-26,56,False
2017-03-27,58,False
2017-03-28,57,False
2017-03-29,55,False
2017-03-30,55,False
2017-03-31,55,False
2017-04-01,86,False
2017-04-02,79,False
2017-04-03,89,False
2017-04-04,90,False
2017-04-05,90,False
2017-04-06,87,False
2017-04-07,82,False
2017-04-08,82,False
2017-04-09,85,False
2017-04-10,86,False
2017-04-11,92,False
2017-04-12,88,False
2017-04-13,91,False
2017-04-14,82,False
2017-04-15,78,False
2017-04-16,80,False
2017-04-17,84,False
2017-04-18,92,False
2017-04-19,84,False
2017-04-20,87,False
2017-04-21,82,False
2017-04-22,84,False
2017-04-23,79,False
2017-04-24,82,False
2017-04-25,96,False
2017-04-26,96,False
2017-04-27,100,False
2017-04-28,99,False
2017-04-29,91,False
2017-04-30,86,False
2017-05-01,24,False
2017-05-02,26,False
2017-05-03,26,False
2017-05-04,33,False
2017-05-05,31,False
2017-05-06,25,False
2017-05-07,25,False
2017-05-08,28,False
2017-05-09,37,False
2017-05-10,33,False
2017-05-11,37,False
2017-05-12,45,False
2017-05-13,44,False
2017-05-14,38,False
2017-05-15,52,False
2017-05-16,48,False
2017-05-17,41,False
2017-05-18,36,False
2017-05-19,39,False
2017-05-20,41,False
2017-05-21,40,False
2017-05-22,66,False
2017-05-23,69,False
2017-05-24,75,False
2017-05-25,100,False
2017-05-26,77,False
2017-05-27,65,False
2017-05-28,51,False
2017-05-29,49,False
2017-05-30,49,False
2017-05-31,47,False
2017-06-01,82,False
2017-06-02,71,False
2017-06-03,66,False
2017-06-04,63,False
2017-06-05,72,False
2017-06-06,100,False
2017-06-07,91,False
2017-06-08,80,False
2017-06-09,78,False
2017-06-10,72,False
2017-06-11,74,False
2017-06-12,98,False
2017-06-13,86,False
2017-06-14,84,False
2017-06-15,100,False
2017-06-16,83,False
2017-06-17,70,False
2017-06-18,66,False
2017-06-19,69,False
2017-06-20,74,False
2017-06-21,76,False
2017-06-22,72,False
2017-06-23,71,False
2017-06-24,67,False
2017-06-25,65,False
2017-06-26,79,False
2017-06-27,88,False
2017-06-28,87,False
2017-06-29,70,False
2017-06-30,61,False
2017-07-01,69,False
2017-07-02,70,False
2017-07-03,69,False
2017-07-04,72,False
2017-07-05,72,False
2017-07-06,75,False
2017-07-07,68,False
2017-07-08,66,False
2017-07-09,65,False
2017-07-10,76,False
2017-07-11,87,False
2017-07-12,80,False
2017-07-13,77,False
2017-07-14,78,False
2017-07-15,88,False
2017-07-16,100,False
2017-07-17,96,False
2017-07-18,90,False
2017-07-19,84,False
2017-07-20,91,False
2017-07-21,95,False
2017-07-22,81,False
2017-07-23,84,False
2017-07-24,84,False
2017-07-25,89,False
2017-07-26,85,False
2017-07-27,81,False
2017-07-28,90,False
2017-07-29,74,False
2017-07-30,75,False
2017-07-31,96,False
2017-08-01,93,False
2017-08-02,83,False
2017-08-03,57,False
2017-08-04,53,False
2017-08-05,67,False
2017-08-06,56,False
2017-08-07,65,False
2017-08-08,68,False
2017-08-09,60,False
2017-08-10,58,False
2017-08-11,61,False
2017-08-12,70,False
2017-08-13,87,False
2017-08-14,100,False
2017-08-15,100,False
2017-08-16,83,False
2017-08-17,81,False
2017-08-18,81,False
2017-08-19,76,False
2017-08-20,69,False
2017-08-21,70,False
2017-08-22,76,False
2017-08-23,70,False
2017-08-24,66,False
2017-08-25,69,False
2017-08-26,60,False
2017-08-27,57,False
2017-08-28,61,False
2017-08-29,73,False
2017-08-30,75,False
2017-08-31,82,False
2017-09-01,66,False
2017-09-02,63,False
2017-09-03,55,False
2017-09-04,70,False
2017-09-05,71,False
2017-09-06,60,False
2017-09-07,56,False
2017-09-08,59,False
2017-09-09,49,False
2017-09-10,49,False
2017-09-11,54,False
2017-09-12,55,False
2017-09-13,74,False
2017-09-14,90,False
2017-09-15,100,False
2017-09-16,66,False
2017-09-17,52,False
2017-09-18,63,False
2017-09-19,58,False
2017-09-20,51,False
2017-09-21,52,False
2017-09-22,49,False
2017-09-23,40,False
2017-09-24,36,False
2017-09-25,43,False
2017-09-26,41,False
2017-09-27,46,False
2017-09-28,45,False
2017-09-29,43,False
2017-09-30,39,False
2017-10-01,40,False
2017-10-02,44,False
2017-10-03,45,False
2017-10-04,42,False
2017-10-05,42,False
2017-10-06,41,False
2017-10-07,37,False
2017-10-08,43,False
2017-10-09,50,False
2017-10-10,51,False
2017-10-11,51,False
2017-10-12,81,False
2017-10-13,100,False
2017-10-14,68,False
2017-10-15,65,False
2017-10-16,66,False
2017-10-17,63,False
2017-10-18,63,False
2017-10-19,60,False
2017-10-20,69,False
2017-10-21,80,False
2017-10-22,67,False
2017-10-23,76,False
2017-10-24,80,False
2017-10-25,73,False
2017-10-26,72,False
2017-10-27,62,False
2017-10-28,54,False
2017-10-29,59,False
2017-10-30,68,False
2017-10-31,81,False
2017-11-01,29,False
2017-11-02,39,False
2017-11-03,34,False
2017-11-04,27,False
2017-11-05,27,False
2017-11-06,28,False
2017-11-07,26,False
2017-11-08,29,False
2017-11-09,27,False
2017-11-10,32,False
2017-11-11,32,False
2017-11-12,39,False
2017-11-13,35,False
2017-11-14,27,False
2017-11-15,27,False
2017-11-16,29,False
2017-11-17,32,False
2017-11-18,25,False
2017-11-19,24,False
2017-11-20,31,False
2017-11-21,32,False
2017-11-22,28,False
2017-11-23,26,False
2017-11-24,24,False
2017-11-25,26,False
2017-11-26,39,False
2017-11-27,53,False
2017-11-28,61,False
2017-11-29,100,False
2017-11-30,82,False
2017-12-01,39,False
2017-12-02,30,False
2017-12-03,30,False
2017-12-04,35,False
2017-12-05,35,False
2017-12-06,47,False
2017-12-07,95,False
2017-12-08,87,False
2017-12-09,58,False
2017-12-10,55,False
2017-12-11,64,False
2017-12-12,60,False
2017-12-13,54,False
2017-12-14,47,False
2017-12-15,43,False
2017-12-16,42,False
2017-12-17,47,False
2017-12-18,49,False
2017-12-19,51,False
2017-12-20,69,False
2017-12-21,53,False
2017-12-22,100,False
2017-12-23,63,False
2017-12-24,47,False
2017-12-25,42,False
2017-12-26,40,False
2017-12-27,39,False
2017-12-28,38,False
2017-12-29,34,False
2017-12-30,33,False
2017-12-31,28,False
2018-01-01,45,False
2018-01-02,54,False
2018-01-03,55,False
2018-01-04,52,False
2018-01-05,52,False
2018-01-06,45,False
2018-01-07,45,False
2018-01-08,51,False
2018-01-09,48,False
2018-01-10,50,False
2018-01-11,56,False
2018-01-12,47,False
2018-01-13,41,False
2018-01-14,39,False
2018-01-15,38,False
2018-01-16,76,False
2018-01-17,100,False
2018-01-18,71,False
2018-01-19,51,False
2018-01-20,42,False
2018-01-21,40,False
2018-01-22,46,False
2018-01-23,45,False
2018-01-24,40,False
2018-01-25,38,False
2018-01-26,39,False
2018-01-27,32,False
2018-01-28,31,False
2018-01-29,33,False
2018-01-30,36,False
2018-01-31,38,False
2018-02-01,61,False
2018-02-02,81,False
2018-02-03,52,False
2018-02-04,46,False
2018-02-05,80,False
2018-02-06,100,False
2018-02-07,63,False
2018-02-08,54,False
2018-02-09,48,False
2018-02-10,38,False
2018-02-11,35,False
2018-02-12,39,False
2018-02-13,35,False
2018-02-14,36,False
2018-02-15,39,False
2018-02-16,35,False
2018-02-17,33,False
2018-02-18,34,False
2018-02-19,32,False
2018-02-20,36,False
2018-02-21,36,False
2018-02-22,33,False
2018-02-23,29,False
2018-02-24,26,False
2018-02-25,24,False
2018-02-26,26,False
2018-02-27,28,False
2018-02-28,26,False
2018-03-01,80,False
2018-03-02,79,False
2018-03-03,75,False
2018-03-04,70,False
2018-03-05,78,False
2018-03-06,79,False
2018-03-07,91,False
2018-03-08,90,False
2018-03-09,98,False
2018-03-10,71,False
2018-03-11,72,False
2018-03-12,81,False
2018-03-13,76,False
2018-03-14,88,False
2018-03-15,100,False
2018-03-16,82,False
2018-03-17,76,False
2018-03-18,91,False
2018-03-19,84,False
2018-03-20,80,False
2018-03-21,78,False
2018-03-22,75,False
2018-03-23,69,False
2018-03-24,60,False
2018-03-25,62,False
2018-03-26,84,False
2018-03-27,74,False
2018-03-28,71,False
2018-03-29,86,False
2018-03-30,93,False
2018-03-31,72,False
2018-04-01,95,False
2018-04-02,99,False
2018-04-03,93,False
2018-04-04,90,False
2018-04-05,93,False
2018-04-06,97,False
2018-04-07,78,False
2018-04-08,74,False
2018-04-09,86,False
2018-04-10,85,False
2018-04-11,78,False
2018-04-12,100,False
2018-04-13,99,False
2018-04-14,75,False
2018-04-15,74,False
2018-04-16,78,False
2018-04-17,78,False
2018-04-18,76,False
2018-04-19,79,False
2018-04-20,80,False
2018-04-21,73,False
2018-04-22,71,False
2018-04-23,79,False
2018-04-24,95,False
2018-04-25,88,False
2018-04-26,75,False
2018-04-27,74,False
2018-04-28,63,False
2018-04-29,64,False
2018-04-30,67,False
2018-05-01,85,False
2018-05-02,82,False
2018-05-03,88,False
2018-05-04,87,False
2018-05-05,86,False
2018-05-06,83,False
2018-05-07,89,False
2018-05-08,86,False
2018-05-09,81,False
2018-05-10,84,False
2018-05-11,100,False
2018-05-12,80,False
2018-05-13,70,False
2018-05-14,86,False
2018-05-15,79,False
2018-05-16,80,False
2018-05-17,77,False
2018-05-18,77,False
2018-05-19,64,False
2018-05-20,64,False
2018-05-21,73,False
2018-05-22,76,False
2018-05-23,93,False
2018-05-24,89,False
2018-05-25,77,False
2018-05-26,66,False
2018-05-27,68,False
2018-05-28,76,False
2018-05-29,80,False
2018-05-30,74,False
2018-05-31,71,False
2018-06-01,62,False
2018-06-02,58,False
2018-06-03,60,False
2018-06-04,64,False
2018-06-05,64,False
2018-06-06,63,False
2018-06-07,63,False
2018-06-08,62,False
2018-06-09,53,False
2018-06-10,79,False
2018-06-11,100,False
2018-06-12,81,False
2018-06-13,91,False
2018-06-14,78,False
2018-06-15,68,False
2018-06-16,60,False
2018-06-17,58,False
2018-06-18,68,False
2018-06-19,67,False
2018-06-20,64,False
2018-06-21,61,False
2018-06-22,75,False
2018-06-23,67,False
2018-06-24,76,False
2018-06-25,69,False
2018-06-26,65,False
2018-06-27,62,False
2018-06-28,61,False
2018-06-29,82,False
2018-06-30,71,False
2018-07-01,61,False
2018-07-02,70,False
2018-07-03,67,False
2018-07-04,65,False
2018-07-05,67,False
2018-07-06,60,False
2018-07-07,53,False
2018-07-08,59,False
2018-07-09,60,False
2018-07-10,64,False
2018-07-11,60,False
2018-07-12,65,False
2018-07-13,62,False
2018-07-14,56,False
2018-07-15,53,False
2018-07-16,63,False
2018-07-17,82,False
2018-07-18,90,False
2018-07-19,79,False
2018-07-20,73,False
2018-07-21,65,False
2018-07-22,60,False
2018-07-23,77,False
2018-07-24,100,False
2018-07-25,91,False
2018-07-26,82,False
2018-07-27,81,False
2018-07-28,64,False
2018-07-29,63,False
2018-07-30,70,False
2018-07-31,74,False
2018-08-01,80,False
2018-08-02,74,False
2018-08-03,79,False
2018-08-04,74,False
2018-08-05,69,False
2018-08-06,76,False
2018-08-07,79,False
2018-08-08,100,False
2018-08-09,81,False
2018-08-10,82,False
2018-08-11,81,False
2018-08-12,69,False
2018-08-13,81,False
2018-08-14,99,False
2018-08-15,90,False
2018-08-16,77,False
2018-08-17,76,False
2018-08-18,66,False
2018-08-19,62,False
2018-08-20,72,False
2018-08-21,76,False
2018-08-22,82,False
2018-08-23,75,False
2018-08-24,69,False
2018-08-25,64,False
2018-08-26,60,False
2018-08-27,68,False
2018-08-28,81,False
2018-08-29,76,False
2018-08-30,76,False
2018-08-31,70,False
2018-09-01,62,False
2018-09-02,65,False
2018-09-03,70,False
2018-09-04,74,False
2018-09-05,86,False
2018-09-06,100,False
2018-09-07,77,False
2018-09-08,66,False
2018-09-09,63,False
2018-09-10,74,False
2018-09-11,71,False
2018-09-12,81,False
2018-09-13,77,False
2018-09-14,68,False
2018-09-15,61,False
2018-09-16,57,False
2018-09-17,66,False
2018-09-18,63,False
2018-09-19,66,False
2018-09-20,64,False
2018-09-21,73,False
2018-09-22,63,False
2018-09-23,59,False
2018-09-24,61,False
2018-09-25,65,False
2018-09-26,63,False
2018-09-27,62,False
2018-09-28,61,False
2018-09-29,52,False
2018-09-30,53,False
